"Time (UTCG)","EIRP (dBW)","Rcvd. Frequency (GHz)","Rcvd. Iso. Power (dBW)","Flux Density (dBW/m^2)","g/T (dB/K)","C/No (dB*Hz)","Bandwidth (kHz)","C/N (dB)","Eb/No (dB)","BER"
20 May 2023 11:26:22.790,9.509,2.250051,-155.263,-126.763963,-5.790521,67.545320,2180000.000,-25.8392,-22.8289,4.593347e-01
20 May 2023 11:26:52.000,9.509,2.250051,-154.270,-125.771101,-5.790524,68.538179,2180000.000,-24.8464,-21.8361,4.544306e-01
20 May 2023 11:27:22.000,9.509,2.250050,-153.137,-124.637896,-5.790528,69.671380,2180000.000,-23.7132,-20.7029,4.481139e-01
20 May 2023 11:27:52.000,9.509,2.250048,-151.871,-123.371827,-5.790535,70.937442,2180000.000,-22.4471,-19.4368,4.400294e-01
20 May 2023 11:28:22.000,9.509,2.250045,-150.460,-121.960335,-5.790545,72.348924,2180000.000,-21.0356,-18.0253,4.295499e-01
20 May 2023 11:28:52.000,9.509,2.250040,-148.916,-120.416462,-5.790563,73.892779,2180000.000,-19.4918,-16.4815,4.160335e-01
20 May 2023 11:29:22.000,9.509,2.250032,-147.334,-118.834721,-5.790594,75.474489,2180000.000,-17.9101,-14.8998,3.995912e-01
20 May 2023 11:29:52.000,9.509,2.250019,-146.004,-117.504930,-5.790646,76.804228,2180000.000,-16.5803,-13.5700,3.834271e-01
20 May 2023 11:30:22.000,9.509,2.250000,-145.453,-116.953519,-5.790719,77.355566,2180000.000,-16.0290,-13.0187,3.760308e-01
20 May 2023 11:30:52.000,9.509,2.249981,-146.007,-117.508143,-5.790792,76.800868,2180000.000,-16.5837,-13.5734,3.834709e-01
20 May 2023 11:31:22.000,9.509,2.249968,-147.339,-118.839879,-5.790845,75.469080,2180000.000,-17.9155,-14.9052,3.996524e-01
20 May 2023 11:31:52.000,9.509,2.249959,-148.922,-120.422579,-5.790876,73.886349,2180000.000,-19.4982,-16.4879,4.160948e-01
20 May 2023 11:32:22.000,9.509,2.249955,-150.466,-121.967022,-5.790894,72.341888,2180000.000,-21.0427,-18.0324,4.296063e-01
20 May 2023 11:32:52.000,9.509,2.249952,-151.878,-123.378991,-5.790904,70.929909,2180000.000,-22.4547,-19.4444,4.400810e-01
20 May 2023 11:33:22.000,9.509,2.249950,-153.145,-124.645549,-5.790911,69.663344,2180000.000,-23.7212,-20.7109,4.481616e-01
20 May 2023 11:33:52.000,9.509,2.249949,-154.279,-125.779281,-5.790915,68.529608,2180000.000,-24.8550,-21.8447,4.544754e-01
20 May 2023 11:34:21.794,9.509,2.249949,-155.291,-126.791558,-5.790918,67.517328,2180000.000,-25.8672,-22.8569,4.594651e-01
20 May 2023 13:01:13.654,9.509,2.250031,-155.282,-126.782387,-5.790601,67.526816,2180000.000,-25.8577,-22.8474,4.594210e-01
20 May 2023 13:01:43.000,9.509,2.250026,-154.741,-126.241851,-5.790619,68.067335,2180000.000,-25.3172,-22.3069,4.568254e-01
20 May 2023 13:02:13.000,9.509,2.250020,-154.260,-125.760178,-5.790640,68.548986,2180000.000,-24.8356,-21.8253,4.543741e-01
20 May 2023 13:02:43.000,9.509,2.250014,-153.885,-125.385194,-5.790665,68.923945,2180000.000,-24.4606,-21.4503,4.523708e-01
20 May 2023 13:03:13.000,9.509,2.250007,-153.651,-125.151348,-5.790693,69.157763,2180000.000,-24.2268,-21.2165,4.510777e-01
20 May 2023 13:03:43.000,9.509,2.249999,-153.583,-125.083746,-5.790722,69.225335,2180000.000,-24.1592,-21.1489,4.506975e-01
20 May 2023 13:04:13.000,9.509,2.249992,-153.689,-125.190119,-5.790752,69.118933,2180000.000,-24.2656,-21.2553,4.512948e-01
20 May 2023 13:04:43.000,9.509,2.249985,-153.957,-125.458052,-5.790779,68.850973,2180000.000,-24.5336,-21.5233,4.527674e-01
20 May 2023 13:05:13.000,9.509,2.249978,-154.359,-125.859365,-5.790803,68.449636,2180000.000,-24.9349,-21.9246,4.548908e-01
20 May 2023 13:05:43.000,9.509,2.249973,-154.858,-126.358717,-5.790824,67.950263,2180000.000,-25.4343,-22.4240,4.574012e-01
20 May 2023 13:06:06.636,9.509,2.249969,-155.298,-126.798483,-5.790837,67.510483,2180000.000,-25.8741,-22.8638,4.594969e-01
20 May 2023 22:35:03.093,9.509,2.250050,-155.297,-126.797977,-5.790525,67.511302,2180000.000,-25.8733,-22.8630,4.594931e-01
20 May 2023 22:35:33.000,9.509,2.250049,-154.307,-125.808050,-5.790529,68.501225,2180000.000,-24.8833,-21.8730,4.546233e-01
20 May 2023 22:36:03.000,9.509,2.250048,-153.213,-124.714076,-5.790534,69.595193,2180000.000,-23.7894,-20.7791,4.485645e-01
20 May 2023 22:36:33.000,9.509,2.250046,-152.009,-123.509936,-5.790542,70.799326,2180000.000,-22.5852,-19.5749,4.409685e-01
20 May 2023 22:37:03.000,9.509,2.250042,-150.698,-122.198450,-5.790556,72.110799,2180000.000,-21.2738,-18.2635,4.314359e-01
20 May 2023 22:37:33.000,9.509,2.250037,-149.316,-120.816889,-5.790577,73.492339,2180000.000,-19.8922,-16.8819,4.197641e-01
20 May 2023 22:38:03.000,9.509,2.250028,-147.985,-119.485503,-5.790611,74.823691,2180000.000,-18.5609,-15.5506,4.067007e-01
20 May 2023 22:38:33.000,9.509,2.250015,-146.971,-118.472069,-5.790662,75.837073,2180000.000,-17.5475,-14.5372,3.954084e-01
20 May 2023 22:39:03.000,9.509,2.249998,-146.646,-118.146423,-5.790728,76.162653,2180000.000,-17.2219,-14.2116,3.915117e-01
20 May 2023 22:39:33.000,9.509,2.249981,-147.168,-118.668473,-5.790791,75.640540,2180000.000,-17.7440,-14.7337,3.976958e-01
20 May 2023 22:40:03.000,9.509,2.249969,-148.292,-119.792894,-5.790838,74.516072,2180000.000,-18.8685,-15.8582,4.098903e-01
20 May 2023 22:40:33.000,9.509,2.249961,-149.655,-121.155593,-5.790868,73.153342,2180000.000,-20.2312,-17.2209,4.227958e-01
20 May 2023 22:41:03.000,9.509,2.249957,-151.027,-122.528152,-5.790887,71.780764,2180000.000,-21.6038,-18.5935,4.339683e-01
20 May 2023 22:41:33.000,9.509,2.249953,-152.316,-123.816427,-5.790899,70.492478,2180000.000,-22.8921,-19.8818,4.430032e-01
20 May 2023 22:42:03.000,9.509,2.249952,-153.494,-124.994712,-5.790906,69.314186,2180000.000,-24.0704,-21.0601,4.501933e-01
20 May 2023 22:42:33.000,9.509,2.249950,-154.564,-126.064412,-5.790911,68.244481,2180000.000,-25.1401,-22.1298,4.559394e-01
20 May 2023 22:42:54.539,9.509,2.249950,-155.270,-126.771078,-5.790914,67.537813,2180000.000,-25.8468,-22.8365,4.593697e-01
21 May 2023 00:09:33.723,9.509,2.250033,-155.281,-126.781776,-5.790591,67.527438,2180000.000,-25.8571,-22.8468,4.594181e-01
21 May 2023 00:10:03.000,9.509,2.250029,-154.685,-126.185664,-5.790607,68.123533,2180000.000,-25.2610,-22.2507,4.565463e-01
21 May 2023 00:10:33.000,9.509,2.250024,-154.131,-125.632111,-5.790627,68.677066,2180000.000,-24.7075,-21.6972,4.536994e-01
21 May 2023 00:11:03.000,9.509,2.250017,-153.674,-125.174203,-5.790652,69.134949,2180000.000,-24.2496,-21.2393,4.512054e-01
21 May 2023 00:11:33.000,9.509,2.250010,-153.353,-124.853228,-5.790680,69.455896,2180000.000,-23.9287,-20.9184,4.493784e-01
21 May 2023 00:12:03.000,9.509,2.250002,-153.204,-124.704637,-5.790710,69.604456,2180000.000,-23.7801,-20.7698,4.485099e-01
21 May 2023 00:12:33.000,9.509,2.249994,-153.246,-124.746851,-5.790741,69.562211,2180000.000,-23.8224,-20.8121,4.487584e-01
21 May 2023 00:13:03.000,9.509,2.249987,-153.474,-124.974303,-5.790771,69.334729,2180000.000,-24.0498,-21.0395,4.500759e-01
21 May 2023 00:13:33.000,9.509,2.249980,-153.859,-125.359621,-5.790798,68.949385,2180000.000,-24.4352,-21.4249,4.522318e-01
21 May 2023 00:14:03.000,9.509,2.249974,-154.363,-125.863342,-5.790820,68.445642,2180000.000,-24.9389,-21.9286,4.549115e-01
21 May 2023 00:14:33.000,9.509,2.249969,-154.944,-126.444823,-5.790839,67.864142,2180000.000,-25.5204,-22.5101,4.578199e-01
21 May 2023 00:14:48.471,9.509,2.249967,-155.263,-126.763383,-5.790847,67.545574,2180000.000,-25.8390,-22.8287,4.593335e-01
21 May 2023 11:20:54.380,9.509,2.250054,-155.265,-126.766047,-5.790512,67.543245,2180000.000,-25.8413,-22.8310,4.593444e-01
21 May 2023 11:21:24.000,9.509,2.250054,-154.202,-125.702465,-5.790512,68.606827,2180000.000,-24.7777,-21.7674,4.540706e-01
21 May 2023 11:21:54.000,9.509,2.250053,-152.975,-124.475873,-5.790513,69.833418,2180000.000,-23.5511,-20.5408,4.471426e-01
21 May 2023 11:22:24.000,9.509,2.250053,-151.553,-123.053607,-5.790514,71.255683,2180000.000,-22.1289,-19.1186,4.378093e-01
21 May 2023 11:22:54.000,9.509,2.250053,-149.867,-121.367787,-5.790517,72.941501,2180000.000,-20.4431,-17.4328,4.246334e-01
21 May 2023 11:23:24.000,9.509,2.250051,-147.814,-119.314254,-5.790521,74.995028,2180000.000,-18.3895,-15.3792,4.048773e-01
21 May 2023 11:23:54.000,9.509,2.250048,-145.238,-116.738462,-5.790533,77.570809,2180000.000,-15.8138,-12.8035,3.730263e-01
21 May 2023 11:24:24.000,9.509,2.250040,-142.012,-113.512209,-5.790565,80.797030,2180000.000,-12.5875,-9.5772,3.193493e-01
21 May 2023 11:24:54.000,9.509,2.250014,-138.993,-110.493785,-5.790665,83.815354,2180000.000,-9.5692,-6.5589,2.531487e-01
21 May 2023 11:25:24.000,9.509,2.249974,-139.791,-111.291868,-5.790819,83.017117,2180000.000,-10.3674,-7.3571,2.721717e-01
21 May 2023 11:25:54.000,9.509,2.249956,-143.157,-114.658080,-5.790889,79.650835,2180000.000,-13.7337,-10.7234,3.403621e-01
21 May 2023 11:26:24.000,9.509,2.249950,-146.169,-117.669993,-5.790911,76.638900,2180000.000,-16.7457,-13.7354,3.855631e-01
21 May 2023 11:26:54.000,9.509,2.249948,-148.550,-120.051034,-5.790919,74.257851,2180000.000,-19.1267,-16.1164,4.124864e-01
21 May 2023 11:27:24.000,9.509,2.249947,-150.466,-121.966990,-5.790923,72.341891,2180000.000,-21.0427,-18.0324,4.296063e-01
21 May 2023 11:27:54.000,9.509,2.249947,-152.055,-123.555214,-5.790925,70.753665,2180000.000,-22.6309,-19.6206,4.412757e-01
21 May 2023 11:28:24.000,9.509,2.249946,-153.405,-124.905825,-5.790926,69.403053,2180000.000,-23.9815,-20.9712,4.496838e-01
21 May 2023 11:28:54.000,9.509,2.249946,-154.577,-126.077962,-5.790926,68.230915,2180000.000,-25.1536,-22.1433,4.560079e-01
21 May 2023 11:29:14.417,9.509,2.249946,-155.294,-126.794657,-5.790926,67.514220,2180000.000,-25.8703,-22.8600,4.594796e-01
21 May 2023 22:29:32.726,9.509,2.250053,-155.295,-126.796162,-5.790513,67.513129,2180000.000,-25.8714,-22.8611,4.594846e-01
21 May 2023 22:30:02.000,9.509,2.250053,-154.255,-125.755376,-5.790514,68.553914,2180000.000,-24.8307,-21.8204,4.543484e-01
21 May 2023 22:30:32.000,9.509,2.250053,-153.044,-124.545096,-5.790514,69.764194,2180000.000,-23.6204,-20.6101,4.475597e-01
21 May 2023 22:31:02.000,9.509,2.250053,-151.647,-123.147753,-5.790516,71.161534,2180000.000,-22.2230,-19.2127,4.384744e-01
21 May 2023 22:31:32.000,9.509,2.250052,-150.002,-121.502895,-5.790519,72.806389,2180000.000,-20.5782,-17.5679,4.257831e-01
21 May 2023 22:32:02.000,9.509,2.250050,-148.023,-119.523402,-5.790526,74.785876,2180000.000,-18.5987,-15.5884,4.070986e-01
21 May 2023 22:32:32.000,9.509,2.250047,-145.598,-117.098494,-5.790540,77.210770,2180000.000,-16.1738,-13.1635,3.780146e-01
21 May 2023 22:33:02.000,9.509,2.250037,-142.712,-114.212557,-5.790575,80.096672,2180000.000,-13.2879,-10.2776,3.324540e-01
21 May 2023 22:33:32.000,9.509,2.250013,-140.251,-111.751760,-5.790670,82.557374,2180000.000,-10.8272,-7.8169,2.826445e-01
21 May 2023 22:34:02.000,9.509,2.249977,-140.817,-112.317753,-5.790806,81.991244,2180000.000,-11.3933,-8.3830,2.950397e-01
21 May 2023 22:34:32.000,9.509,2.249959,-143.635,-115.136040,-5.790878,79.172886,2180000.000,-14.2117,-11.2014,3.484735e-01
21 May 2023 22:35:02.000,9.509,2.249952,-146.401,-117.901688,-5.790905,76.407211,2180000.000,-16.9774,-13.9671,3.884945e-01
21 May 2023 22:35:32.000,9.509,2.249949,-148.677,-120.178007,-5.790915,74.130881,2180000.000,-19.2537,-16.2434,4.137362e-01
21 May 2023 22:36:02.000,9.509,2.249948,-150.543,-122.043467,-5.790921,72.265417,2180000.000,-21.1191,-18.1088,4.302170e-01
21 May 2023 22:36:32.000,9.509,2.249947,-152.104,-123.604421,-5.790923,70.704459,2180000.000,-22.6801,-19.6698,4.416051e-01
21 May 2023 22:37:02.000,9.509,2.249947,-153.438,-124.938986,-5.790925,69.369893,2180000.000,-24.0147,-21.0044,4.498745e-01
21 May 2023 22:37:32.000,9.509,2.249947,-154.600,-126.101052,-5.790925,68.207827,2180000.000,-25.1767,-22.1664,4.561242e-01
21 May 2023 22:37:51.068,9.509,2.249947,-155.267,-126.767636,-5.790926,67.541242,2180000.000,-25.8433,-22.8330,4.593538e-01
22 May 2023 09:44:59.344,9.509,2.250020,-155.265,-126.765430,-5.790643,67.543731,2180000.000,-25.8408,-22.8305,4.593421e-01
22 May 2023 09:45:29.000,9.509,2.250014,-154.939,-126.439866,-5.790665,67.869273,2180000.000,-25.5153,-22.5050,4.577951e-01
22 May 2023 09:45:59.000,9.509,2.250008,-154.719,-126.219377,-5.790689,68.089738,2180000.000,-25.2948,-22.2845,4.567144e-01
22 May 2023 09:46:29.000,9.509,2.250001,-154.626,-126.127006,-5.790715,68.182083,2180000.000,-25.2025,-22.1922,4.562536e-01
22 May 2023 09:46:59.000,9.509,2.249994,-154.671,-126.171347,-5.790741,68.137716,2180000.000,-25.2468,-22.2365,4.564755e-01
22 May 2023 09:47:29.000,9.509,2.249988,-154.848,-126.348412,-5.790766,67.960626,2180000.000,-25.4239,-22.4136,4.573506e-01
22 May 2023 09:47:59.000,9.509,2.249982,-155.142,-126.642794,-5.790789,67.666221,2180000.000,-25.7183,-22.7080,4.587668e-01
22 May 2023 09:48:10.054,9.509,2.249980,-155.276,-126.776436,-5.790797,67.532571,2180000.000,-25.8520,-22.8417,4.593942e-01
22 May 2023 11:15:41.507,9.509,2.250053,-155.268,-126.769061,-5.790516,67.540227,2180000.000,-25.8443,-22.8340,4.593585e-01
22 May 2023 11:16:11.000,9.509,2.250052,-154.235,-125.736090,-5.790518,68.573196,2180000.000,-24.8114,-21.8011,4.542474e-01
22 May 2023 11:16:41.000,9.509,2.250052,-153.052,-124.552995,-5.790520,69.756289,2180000.000,-23.6283,-20.6180,4.476071e-01
22 May 2023 11:17:11.000,9.509,2.250051,-151.704,-123.204775,-5.790524,71.104505,2180000.000,-22.2801,-19.2698,4.388738e-01
22 May 2023 11:17:41.000,9.509,2.250049,-150.152,-121.652515,-5.790530,72.656758,2180000.000,-20.7278,-17.7175,4.270363e-01
22 May 2023 11:18:11.000,9.509,2.250046,-148.358,-119.858578,-5.790542,74.450684,2180000.000,-18.9339,-15.9236,4.105547e-01
22 May 2023 11:18:41.000,9.509,2.250040,-146.331,-117.831445,-5.790566,76.477793,2180000.000,-16.9068,-13.8965,3.876091e-01
22 May 2023 11:19:11.000,9.509,2.250027,-144.301,-115.801683,-5.790614,78.507507,2180000.000,-14.8771,-11.8668,3.591522e-01
22 May 2023 11:19:41.000,9.509,2.250005,-143.099,-114.599693,-5.790700,79.709410,2180000.000,-13.6752,-10.6649,3.393421e-01
22 May 2023 11:20:11.000,9.509,2.249980,-143.700,-115.200228,-5.790797,79.108779,2180000.000,-14.2758,-11.2655,3.495332e-01
22 May 2023 11:20:41.000,9.509,2.249964,-145.563,-117.063352,-5.790859,77.245593,2180000.000,-16.1390,-13.1287,3.775402e-01
22 May 2023 11:21:11.000,9.509,2.249956,-147.639,-119.140026,-5.790889,75.168889,2180000.000,-18.2157,-15.2054,4.029920e-01
22 May 2023 11:21:41.000,9.509,2.249952,-149.524,-121.024929,-5.790905,73.283970,2180000.000,-20.1006,-17.0903,4.216410e-01
22 May 2023 11:22:11.000,9.509,2.249950,-151.160,-122.661040,-5.790913,71.647851,2180000.000,-21.7367,-18.7264,4.349620e-01
22 May 2023 11:22:41.000,9.509,2.249949,-152.578,-124.078182,-5.790917,70.230705,2180000.000,-23.1539,-20.1436,4.446843e-01
22 May 2023 11:23:11.000,9.509,2.249948,-153.816,-125.316703,-5.790920,68.992181,2180000.000,-24.3924,-21.3821,4.519970e-01
22 May 2023 11:23:41.000,9.509,2.249948,-154.911,-126.411180,-5.790921,67.897702,2180000.000,-25.4869,-22.4766,4.576572e-01
22 May 2023 11:23:52.455,9.509,2.249948,-155.296,-126.796960,-5.790922,67.511922,2180000.000,-25.8726,-22.8623,4.594903e-01
22 May 2023 20:53:46.125,9.509,2.250016,-155.296,-126.796565,-5.790658,67.512581,2180000.000,-25.8720,-22.8617,4.594872e-01
22 May 2023 20:54:16.000,9.509,2.250010,-155.047,-126.547336,-5.790680,67.761787,2180000.000,-25.6228,-22.6125,4.583122e-01
22 May 2023 20:54:46.000,9.509,2.250004,-154.910,-126.411012,-5.790705,67.898087,2180000.000,-25.4865,-22.4762,4.576554e-01
22 May 2023 20:55:16.000,9.509,2.249997,-154.900,-126.400382,-5.790730,67.908692,2180000.000,-25.4759,-22.4656,4.576038e-01
22 May 2023 20:55:46.000,9.509,2.249991,-155.016,-126.516500,-5.790755,67.792549,2180000.000,-25.5920,-22.5817,4.581649e-01
22 May 2023 20:56:16.000,9.509,2.249985,-155.249,-126.749648,-5.790778,67.559379,2180000.000,-25.8252,-22.8149,4.592691e-01
22 May 2023 20:56:19.935,9.509,2.249984,-155.287,-126.788031,-5.790781,67.520992,2180000.000,-25.8636,-22.8533,4.594481e-01
22 May 2023 22:24:16.688,9.509,2.250053,-155.293,-126.793546,-5.790514,67.515744,2180000.000,-25.8688,-22.8585,4.594725e-01
22 May 2023 22:24:46.000,9.509,2.250053,-154.257,-125.757485,-5.790515,68.551804,2180000.000,-24.8328,-21.8225,4.543594e-01
22 May 2023 22:25:16.000,9.509,2.250053,-153.057,-124.557944,-5.790516,69.751343,2180000.000,-23.6332,-20.6229,4.476368e-01
22 May 2023 22:25:46.000,9.509,2.250052,-151.679,-123.179960,-5.790519,71.129325,2180000.000,-22.2552,-19.2449,4.387003e-01
22 May 2023 22:26:16.000,9.509,2.250051,-150.071,-121.571691,-5.790523,72.737590,2180000.000,-20.6470,-17.6367,4.263619e-01
22 May 2023 22:26:46.000,9.509,2.250049,-148.166,-119.666445,-5.790532,74.642827,2180000.000,-18.7417,-15.7314,4.085890e-01
22 May 2023 22:27:16.000,9.509,2.250044,-145.905,-117.406107,-5.790550,76.903147,2180000.000,-16.4814,-13.4711,3.821313e-01
22 May 2023 22:27:46.000,9.509,2.250033,-143.402,-114.902265,-5.790592,79.406947,2180000.000,-13.9776,-10.9673,3.445480e-01
22 May 2023 22:28:16.000,9.509,2.250009,-141.573,-113.074110,-5.790684,81.235010,2180000.000,-12.1496,-9.1393,3.107232e-01
22 May 2023 22:28:46.000,9.509,2.249979,-142.149,-113.649773,-5.790801,80.659231,2180000.000,-12.7253,-9.7150,3.219944e-01
22 May 2023 22:29:16.000,9.509,2.249961,-144.470,-115.970825,-5.790869,78.338110,2180000.000,-15.0465,-12.0362,3.617598e-01
22 May 2023 22:29:46.000,9.509,2.249954,-146.912,-118.412960,-5.790898,75.895946,2180000.000,-17.4886,-14.4783,3.947138e-01
22 May 2023 22:30:16.000,9.509,2.249950,-149.018,-120.518231,-5.790911,73.790662,2180000.000,-19.5939,-16.5836,4.170006e-01
22 May 2023 22:30:46.000,9.509,2.249949,-150.787,-122.287720,-5.790917,72.021167,2180000.000,-21.3634,-18.3531,4.321329e-01
22 May 2023 22:31:16.000,9.509,2.249948,-152.289,-123.790083,-5.790921,70.518800,2180000.000,-22.8658,-19.8555,4.428314e-01
22 May 2023 22:31:46.000,9.509,2.249947,-153.586,-125.086184,-5.790923,69.222697,2180000.000,-24.1619,-21.1516,4.507124e-01
22 May 2023 22:32:16.000,9.509,2.249947,-154.721,-126.221486,-5.790924,68.087394,2180000.000,-25.2972,-22.2869,4.567260e-01
22 May 2023 22:32:31.755,9.509,2.249947,-155.264,-126.764876,-5.790924,67.544004,2180000.000,-25.8406,-22.8303,4.593409e-01
23 May 2023 09:38:12.773,9.509,2.250039,-155.262,-126.763003,-5.790568,67.546233,2180000.000,-25.8383,-22.8280,4.593305e-01
23 May 2023 09:38:42.000,9.509,2.250036,-154.541,-126.041718,-5.790581,68.267505,2180000.000,-25.1171,-22.1068,4.558230e-01
23 May 2023 09:39:12.000,9.509,2.250031,-153.817,-125.317933,-5.790598,68.991273,2180000.000,-24.3933,-21.3830,4.520019e-01
23 May 2023 09:39:42.000,9.509,2.250026,-153.148,-124.648256,-5.790619,69.660929,2180000.000,-23.7236,-20.7133,4.481760e-01
23 May 2023 09:40:12.000,9.509,2.250019,-152.584,-124.084992,-5.790646,70.224166,2180000.000,-23.1604,-20.1501,4.447257e-01
23 May 2023 09:40:42.000,9.509,2.250011,-152.189,-123.689894,-5.790678,70.619232,2180000.000,-22.7653,-19.7550,4.421712e-01
23 May 2023 09:41:12.000,9.509,2.250002,-152.018,-123.518655,-5.790713,70.790436,2180000.000,-22.5941,-19.5838,4.410284e-01
23 May 2023 09:41:42.000,9.509,2.249992,-152.099,-123.599228,-5.790749,70.709827,2180000.000,-22.6747,-19.6644,4.415692e-01
23 May 2023 09:42:12.000,9.509,2.249984,-152.418,-123.918401,-5.790782,70.390622,2180000.000,-22.9939,-19.9836,4.436633e-01
23 May 2023 09:42:42.000,9.509,2.249976,-152.928,-124.428346,-5.790811,69.880647,2180000.000,-23.5039,-20.4936,4.468561e-01
23 May 2023 09:43:12.000,9.509,2.249970,-153.567,-125.067216,-5.790834,69.241754,2180000.000,-24.1428,-21.1325,4.506047e-01
23 May 2023 09:43:42.000,9.509,2.249965,-154.277,-125.778054,-5.790853,68.530898,2180000.000,-24.8537,-21.8434,4.544686e-01
23 May 2023 09:44:12.000,9.509,2.249962,-155.017,-126.517713,-5.790867,67.791224,2180000.000,-25.5933,-22.5830,4.581712e-01
23 May 2023 09:44:22.767,9.509,2.249961,-155.284,-126.784318,-5.790871,67.524614,2180000.000,-25.8600,-22.8497,4.594312e-01
23 May 2023 11:10:45.336,9.509,2.250048,-155.272,-126.773084,-5.790534,67.536186,2180000.000,-25.8484,-22.8381,4.593773e-01
23 May 2023 11:11:15.000,9.509,2.250046,-154.342,-125.842998,-5.790540,68.466266,2180000.000,-24.9183,-21.9080,4.548047e-01
23 May 2023 11:11:45.000,9.509,2.250044,-153.332,-124.832235,-5.790548,69.477020,2180000.000,-23.9075,-20.8972,4.492558e-01
23 May 2023 11:12:15.000,9.509,2.250041,-152.259,-123.760043,-5.790561,70.549200,2180000.000,-22.8354,-19.8251,4.426324e-01
23 May 2023 11:12:45.000,9.509,2.250036,-151.156,-122.656799,-5.790579,71.652426,2180000.000,-21.7321,-18.7218,4.349281e-01
23 May 2023 11:13:15.000,9.509,2.250029,-150.093,-121.593775,-5.790606,72.715423,2180000.000,-20.6691,-17.6588,4.265475e-01
23 May 2023 11:13:45.000,9.509,2.250019,-149.205,-120.705530,-5.790644,73.603629,2180000.000,-19.7809,-16.7706,4.187438e-01
23 May 2023 11:14:15.000,9.509,2.250007,-148.682,-120.182716,-5.790693,74.126395,2180000.000,-19.2582,-16.2479,4.137800e-01
23 May 2023 11:14:45.000,9.509,2.249993,-148.683,-120.183591,-5.790746,74.125468,2180000.000,-19.2591,-16.2488,4.137891e-01
23 May 2023 11:15:15.000,9.509,2.249981,-149.207,-120.707606,-5.790794,73.601403,2180000.000,-19.7832,-16.7729,4.187643e-01
23 May 2023 11:15:45.000,9.509,2.249971,-150.095,-121.595920,-5.790832,72.713052,2180000.000,-20.6715,-17.6612,4.265673e-01
23 May 2023 11:16:15.000,9.509,2.249964,-151.157,-122.658041,-5.790859,71.650904,2180000.000,-21.7337,-18.7234,4.349394e-01
23 May 2023 11:16:45.000,9.509,2.249959,-152.259,-123.759811,-5.790877,70.549116,2180000.000,-22.8354,-19.8251,4.426329e-01
23 May 2023 11:17:15.000,9.509,2.249956,-153.330,-124.830261,-5.790889,69.478653,2180000.000,-23.9059,-20.8956,4.492463e-01
23 May 2023 11:17:45.000,9.509,2.249954,-154.339,-125.839185,-5.790898,68.469721,2180000.000,-24.9148,-21.9045,4.547868e-01
23 May 2023 11:18:15.000,9.509,2.249952,-155.277,-126.777544,-5.790904,67.531356,2180000.000,-25.8532,-22.8429,4.593998e-01
23 May 2023 11:18:15.695,9.509,2.249952,-155.298,-126.798442,-5.790904,67.510458,2180000.000,-25.8741,-22.8638,4.594971e-01
23 May 2023 20:46:54.173,9.509,2.250037,-155.298,-126.799024,-5.790577,67.510203,2180000.000,-25.8744,-22.8641,4.594982e-01
23 May 2023 20:47:24.000,9.509,2.250033,-154.612,-126.112341,-5.790591,68.196872,2180000.000,-25.1877,-22.1774,4.561793e-01
23 May 2023 20:47:54.000,9.509,2.250029,-153.953,-125.453526,-5.790609,68.855669,2180000.000,-24.5289,-21.5186,4.527420e-01
23 May 2023 20:48:24.000,9.509,2.250023,-153.364,-124.864758,-5.790631,69.444414,2180000.000,-23.9402,-20.9299,4.494449e-01
23 May 2023 20:48:54.000,9.509,2.250016,-152.894,-124.394688,-5.790658,69.914457,2180000.000,-23.4701,-20.4598,4.466500e-01
23 May 2023 20:49:24.000,9.509,2.250008,-152.594,-124.095028,-5.790689,70.214087,2180000.000,-23.1705,-20.1602,4.447894e-01
23 May 2023 20:49:54.000,9.509,2.249999,-152.505,-124.006086,-5.790723,70.302995,2180000.000,-23.0816,-20.0713,4.442250e-01
23 May 2023 20:50:24.000,9.509,2.249990,-152.641,-124.141187,-5.790756,70.167861,2180000.000,-23.2167,-20.2064,4.450806e-01
23 May 2023 20:50:54.000,9.509,2.249983,-152.980,-124.480730,-5.790787,69.828287,2180000.000,-23.5563,-20.5460,4.471736e-01
23 May 2023 20:51:24.000,9.509,2.249976,-153.480,-124.980793,-5.790813,69.328198,2180000.000,-24.0564,-21.0461,4.501133e-01
23 May 2023 20:51:54.000,9.509,2.249970,-154.089,-125.589311,-5.790835,68.719658,2180000.000,-24.6649,-21.6546,4.534728e-01
23 May 2023 20:52:24.000,9.509,2.249966,-154.759,-126.259363,-5.790852,68.049589,2180000.000,-25.3350,-22.3247,4.569132e-01
23 May 2023 20:52:46.456,9.509,2.249963,-155.279,-126.779261,-5.790862,67.529681,2180000.000,-25.8549,-22.8446,4.594076e-01
23 May 2023 22:19:16.068,9.509,2.250049,-155.289,-126.790023,-5.790529,67.519252,2180000.000,-25.8653,-22.8550,4.594562e-01
23 May 2023 22:19:46.000,9.509,2.250048,-154.321,-125.821472,-5.790534,68.487799,2180000.000,-24.8968,-21.8865,4.546930e-01
23 May 2023 22:20:16.000,9.509,2.250046,-153.263,-124.764048,-5.790541,69.545216,2180000.000,-23.8393,-20.8290,4.488580e-01
23 May 2023 22:20:46.000,9.509,2.250044,-152.119,-123.620055,-5.790551,70.689198,2180000.000,-22.6954,-19.6851,4.417069e-01
23 May 2023 22:21:16.000,9.509,2.250040,-150.907,-122.407311,-5.790567,71.901926,2180000.000,-21.4826,-18.4723,4.330495e-01
23 May 2023 22:21:46.000,9.509,2.250033,-149.683,-121.184032,-5.790591,73.125181,2180000.000,-20.2594,-17.2491,4.230426e-01
23 May 2023 22:22:16.000,9.509,2.250024,-148.585,-120.085908,-5.790628,74.223268,2180000.000,-19.1613,-16.1510,4.128285e-01
23 May 2023 22:22:46.000,9.509,2.250011,-147.848,-119.348467,-5.790679,74.960658,2180000.000,-18.4239,-15.4136,4.052458e-01
23 May 2023 22:23:16.000,9.509,2.249995,-147.720,-119.220422,-5.790738,75.088644,2180000.000,-18.2959,-15.2856,4.038666e-01
23 May 2023 22:23:46.000,9.509,2.249981,-148.253,-119.754027,-5.790793,74.554984,2180000.000,-18.8296,-15.8193,4.094927e-01
23 May 2023 22:24:16.000,9.509,2.249970,-149.248,-120.749147,-5.790835,73.559822,2180000.000,-19.8247,-16.8144,4.191469e-01
23 May 2023 22:24:46.000,9.509,2.249963,-150.445,-121.946111,-5.790863,72.362830,2180000.000,-21.0217,-18.0114,4.294382e-01
23 May 2023 22:25:16.000,9.509,2.249958,-151.671,-123.171627,-5.790882,71.137295,2180000.000,-22.2473,-19.2370,4.386445e-01
23 May 2023 22:25:46.000,9.509,2.249955,-152.843,-124.343547,-5.790894,69.965363,2180000.000,-23.4192,-20.4089,4.463384e-01
23 May 2023 22:26:16.000,9.509,2.249953,-153.932,-125.432560,-5.790902,68.876342,2180000.000,-24.5082,-21.4979,4.526299e-01
23 May 2023 22:26:46.000,9.509,2.249951,-154.933,-126.433697,-5.790908,67.875199,2180000.000,-25.5094,-22.4991,4.577664e-01
23 May 2023 22:26:56.476,9.509,2.249951,-155.263,-126.763338,-5.790909,67.545557,2180000.000,-25.8390,-22.8287,4.593336e-01
24 May 2023 09:32:13.645,9.509,2.250048,-155.263,-126.763239,-5.790533,67.546032,2180000.000,-25.8385,-22.8282,4.593314e-01
24 May 2023 09:32:43.000,9.509,2.250047,-154.332,-125.833148,-5.790538,68.476118,2180000.000,-24.9084,-21.8981,4.547537e-01
24 May 2023 09:33:13.000,9.509,2.250045,-153.307,-124.807310,-5.790546,69.501948,2180000.000,-23.8826,-20.8723,4.491107e-01
24 May 2023 09:33:43.000,9.509,2.250042,-152.211,-123.711591,-5.790558,70.597655,2180000.000,-22.7869,-19.7766,4.423137e-01
24 May 2023 09:34:13.000,9.509,2.250037,-151.072,-122.572505,-5.790575,71.736724,2180000.000,-21.6478,-18.6375,4.342992e-01
24 May 2023 09:34:43.000,9.509,2.250031,-149.957,-121.457827,-5.790601,72.851375,2180000.000,-20.5332,-17.5229,4.254022e-01
24 May 2023 09:35:13.000,9.509,2.250021,-149.003,-120.503922,-5.790639,73.805243,2180000.000,-19.5793,-16.5690,4.168632e-01
24 May 2023 09:35:43.000,9.509,2.250008,-148.416,-119.916801,-5.790689,74.392315,2180000.000,-18.9923,-15.9820,4.111437e-01
24 May 2023 09:36:13.000,9.509,2.249994,-148.381,-119.881515,-5.790744,74.427545,2180000.000,-18.9570,-15.9467,4.107886e-01
24 May 2023 09:36:43.000,9.509,2.249981,-148.910,-120.411098,-5.790794,73.897912,2180000.000,-19.4867,-16.4764,4.159847e-01
24 May 2023 09:37:13.000,9.509,2.249970,-149.833,-121.333886,-5.790834,72.975084,2180000.000,-20.4095,-17.3992,4.243450e-01
24 May 2023 09:37:43.000,9.509,2.249963,-150.939,-122.439264,-5.790861,71.869679,2180000.000,-21.5149,-18.5046,4.332952e-01
24 May 2023 09:38:13.000,9.509,2.249959,-152.081,-123.581350,-5.790879,70.727574,2180000.000,-22.6570,-19.6467,4.414506e-01
24 May 2023 09:38:43.000,9.509,2.249955,-153.185,-124.685519,-5.790892,69.623393,2180000.000,-23.7612,-20.7509,4.483982e-01
24 May 2023 09:39:13.000,9.509,2.249953,-154.221,-125.721611,-5.790900,68.587293,2180000.000,-24.7973,-21.7870,4.541734e-01
24 May 2023 09:39:43.000,9.509,2.249952,-155.181,-126.681717,-5.790906,67.627181,2180000.000,-25.7574,-22.7471,4.589510e-01
24 May 2023 09:39:46.519,9.509,2.249952,-155.289,-126.789403,-5.790906,67.519495,2180000.000,-25.8651,-22.8548,4.594550e-01
24 May 2023 11:06:11.419,9.509,2.250039,-155.278,-126.778510,-5.790569,67.530725,2180000.000,-25.8538,-22.8435,4.594028e-01
24 May 2023 11:06:41.000,9.509,2.250035,-154.557,-126.057867,-5.790583,68.251354,2180000.000,-25.1332,-22.1229,4.559047e-01
24 May 2023 11:07:11.000,9.509,2.250031,-153.846,-125.347108,-5.790600,68.962096,2180000.000,-24.4225,-21.4122,4.521621e-01
24 May 2023 11:07:41.000,9.509,2.250025,-153.194,-124.694190,-5.790621,69.614993,2180000.000,-23.7696,-20.7593,4.484478e-01
24 May 2023 11:08:11.000,9.509,2.250018,-152.650,-124.150602,-5.790648,70.158553,2180000.000,-23.2260,-20.2157,4.451390e-01
24 May 2023 11:08:41.000,9.509,2.250010,-152.275,-123.775725,-5.790680,70.533399,2180000.000,-22.8512,-19.8409,4.427359e-01
24 May 2023 11:09:11.000,9.509,2.250001,-152.121,-123.621496,-5.790714,70.687594,2180000.000,-22.6970,-19.6867,4.417176e-01
24 May 2023 11:09:41.000,9.509,2.249992,-152.212,-123.712219,-5.790749,70.596836,2180000.000,-22.7877,-19.7774,4.423191e-01
24 May 2023 11:10:11.000,9.509,2.249984,-152.532,-124.033100,-5.790782,70.275922,2180000.000,-23.1086,-20.0983,4.443975e-01
24 May 2023 11:10:41.000,9.509,2.249976,-153.037,-124.537374,-5.790810,69.771620,2180000.000,-23.6129,-20.6026,4.475151e-01
24 May 2023 11:11:11.000,9.509,2.249970,-153.665,-125.165741,-5.790833,69.143230,2180000.000,-24.2413,-21.2310,4.511591e-01
24 May 2023 11:11:41.000,9.509,2.249966,-154.363,-125.863798,-5.790851,68.445155,2180000.000,-24.9394,-21.9291,4.549140e-01
24 May 2023 11:12:11.000,9.509,2.249962,-155.090,-126.590201,-5.790865,67.718738,2180000.000,-25.6658,-22.6555,4.585176e-01
24 May 2023 11:12:19.574,9.509,2.249961,-155.298,-126.798824,-5.790869,67.510111,2180000.000,-25.8745,-22.8642,4.594987e-01
24 May 2023 20:40:54.544,9.509,2.250047,-155.298,-126.798620,-5.790538,67.510646,2180000.000,-25.8739,-22.8636,4.594962e-01
24 May 2023 20:41:24.000,9.509,2.250045,-154.400,-125.901046,-5.790545,68.408213,2180000.000,-24.9764,-21.9661,4.551045e-01
24 May 2023 20:41:54.000,9.509,2.250043,-153.427,-124.927848,-5.790554,69.381401,2180000.000,-24.0032,-20.9929,4.498084e-01
24 May 2023 20:42:24.000,9.509,2.250039,-152.408,-123.908958,-5.790568,70.400278,2180000.000,-22.9843,-19.9740,4.436010e-01
24 May 2023 20:42:54.000,9.509,2.250034,-151.380,-122.880274,-5.790587,71.428943,2180000.000,-21.9556,-18.9453,4.365668e-01
24 May 2023 20:43:24.000,9.509,2.250027,-150.415,-121.915994,-5.790615,72.393195,2180000.000,-20.9914,-17.9811,4.291937e-01
24 May 2023 20:43:54.000,9.509,2.250017,-149.642,-121.142297,-5.790653,73.166855,2180000.000,-20.2177,-17.2074,4.226772e-01
24 May 2023 20:44:24.000,9.509,2.250005,-149.219,-120.720102,-5.790699,73.589003,2180000.000,-19.7956,-16.7853,4.188786e-01
24 May 2023 20:44:54.000,9.509,2.249992,-149.267,-120.767179,-5.790749,73.541876,2180000.000,-19.8427,-16.8324,4.193115e-01
24 May 2023 20:45:24.000,9.509,2.249981,-149.769,-121.269452,-5.790794,73.039558,2180000.000,-20.3450,-17.3347,4.237882e-01
24 May 2023 20:45:54.000,9.509,2.249971,-150.592,-122.092837,-5.790830,72.216137,2180000.000,-21.1684,-18.1581,4.306078e-01
24 May 2023 20:46:24.000,9.509,2.249965,-151.578,-123.078925,-5.790856,71.230023,2180000.000,-22.1545,-19.1442,4.379913e-01
24 May 2023 20:46:54.000,9.509,2.249960,-152.611,-124.111578,-5.790874,70.197351,2180000.000,-23.1872,-20.1769,4.448950e-01
24 May 2023 20:47:24.000,9.509,2.249957,-153.625,-125.125238,-5.790887,69.183678,2180000.000,-24.2009,-21.1906,4.509322e-01
24 May 2023 20:47:54.000,9.509,2.249954,-154.589,-126.089289,-5.790896,68.219619,2180000.000,-25.1649,-22.1546,4.560649e-01
24 May 2023 20:48:16.534,9.509,2.249953,-155.273,-126.773655,-5.790901,67.535248,2180000.000,-25.8493,-22.8390,4.593817e-01
24 May 2023 22:14:36.116,9.509,2.250041,-155.285,-126.785246,-5.790561,67.523997,2180000.000,-25.8606,-22.8503,4.594341e-01
24 May 2023 22:15:06.000,9.509,2.250038,-154.509,-126.009600,-5.790573,68.299631,2180000.000,-25.0849,-22.0746,4.556599e-01
24 May 2023 22:15:36.000,9.509,2.250034,-153.733,-125.234161,-5.790588,69.075054,2180000.000,-24.3095,-21.2992,4.515390e-01
24 May 2023 22:16:06.000,9.509,2.250029,-152.997,-124.497476,-5.790609,69.811720,2180000.000,-23.5728,-20.5625,4.472737e-01
24 May 2023 22:16:36.000,9.509,2.250022,-152.352,-123.852922,-5.790635,70.456247,2180000.000,-22.9283,-19.9180,4.432389e-01
24 May 2023 22:17:06.000,9.509,2.250014,-151.869,-123.369224,-5.790667,70.939913,2180000.000,-22.4447,-19.4344,4.400125e-01
24 May 2023 22:17:36.000,9.509,2.250004,-151.615,-123.115754,-5.790703,71.193347,2180000.000,-22.1912,-19.1809,4.382504e-01
24 May 2023 22:18:06.000,9.509,2.249994,-151.636,-123.136206,-5.790741,71.172857,2180000.000,-22.2117,-19.2014,4.383948e-01
24 May 2023 22:18:36.000,9.509,2.249985,-151.926,-123.426657,-5.790776,70.882370,2180000.000,-22.5022,-19.4919,4.404056e-01
24 May 2023 22:19:06.000,9.509,2.249977,-152.437,-123.937697,-5.790807,70.371299,2180000.000,-23.0133,-20.0030,4.437876e-01
24 May 2023 22:19:36.000,9.509,2.249971,-153.098,-124.598536,-5.790832,69.710436,2180000.000,-23.6741,-20.6638,4.478814e-01
24 May 2023 22:20:06.000,9.509,2.249966,-153.842,-125.342202,-5.790852,68.966750,2180000.000,-24.4178,-21.4075,4.521366e-01
24 May 2023 22:20:36.000,9.509,2.249962,-154.617,-126.118096,-5.790867,68.190841,2180000.000,-25.1937,-22.1834,4.562096e-01
24 May 2023 22:21:00.917,9.509,2.249959,-155.262,-126.762851,-5.790876,67.546077,2180000.000,-25.8385,-22.8282,4.593312e-01
25 May 2023 09:26:35.983,9.509,2.250053,-155.264,-126.764778,-5.790516,67.544510,2180000.000,-25.8401,-22.8298,4.593385e-01
25 May 2023 09:27:05.000,9.509,2.250052,-154.244,-125.744233,-5.790517,68.565054,2180000.000,-24.8195,-21.8092,4.542900e-01
25 May 2023 09:27:35.000,9.509,2.250052,-153.054,-124.554710,-5.790519,69.754576,2180000.000,-23.6300,-20.6197,4.476174e-01
25 May 2023 09:28:05.000,9.509,2.250051,-151.694,-123.194519,-5.790522,71.114764,2180000.000,-22.2698,-19.2595,4.388022e-01
25 May 2023 09:28:35.000,9.509,2.250050,-150.119,-121.619473,-5.790527,72.689803,2180000.000,-20.6948,-17.6845,4.267614e-01
25 May 2023 09:29:05.000,9.509,2.250047,-148.280,-119.780369,-5.790538,74.528897,2180000.000,-18.8557,-15.8454,4.097595e-01
25 May 2023 09:29:35.000,9.509,2.250041,-146.160,-117.660461,-5.790560,76.648784,2180000.000,-16.7358,-13.7255,3.854365e-01
25 May 2023 09:30:05.000,9.509,2.250029,-143.950,-115.451128,-5.790606,78.858070,2180000.000,-14.5265,-11.5162,3.536137e-01
25 May 2023 09:30:35.000,9.509,2.250006,-142.530,-114.030898,-5.790695,80.278212,2180000.000,-13.1064,-10.0961,3.291378e-01
25 May 2023 09:31:05.000,9.509,2.249980,-143.124,-114.624852,-5.790798,79.684154,2180000.000,-13.7004,-10.6901,3.397826e-01
25 May 2023 09:31:35.000,9.509,2.249963,-145.146,-116.646897,-5.790863,77.662045,2180000.000,-15.7225,-12.7122,3.717325e-01
25 May 2023 09:32:05.000,9.509,2.249955,-147.357,-118.858046,-5.790893,75.450865,2180000.000,-17.9337,-14.9234,3.998581e-01
25 May 2023 09:32:35.000,9.509,2.249951,-149.327,-120.827601,-5.790907,73.481296,2180000.000,-19.9033,-16.8930,4.198646e-01
25 May 2023 09:33:05.000,9.509,2.249949,-151.016,-122.516387,-5.790915,71.792502,2180000.000,-21.5921,-18.5818,4.338798e-01
25 May 2023 09:33:35.000,9.509,2.249948,-152.467,-123.967858,-5.790919,70.341027,2180000.000,-23.0435,-20.0332,4.439819e-01
25 May 2023 09:34:05.000,9.509,2.249948,-153.729,-125.229952,-5.790921,69.078931,2180000.000,-24.3056,-21.2953,4.515175e-01
25 May 2023 09:34:35.000,9.509,2.249947,-154.841,-126.341392,-5.790923,67.967489,2180000.000,-25.4171,-22.4068,4.573170e-01
25 May 2023 09:34:48.275,9.509,2.249947,-155.292,-126.793051,-5.790923,67.515830,2180000.000,-25.8687,-22.8584,4.594721e-01
25 May 2023 11:02:23.611,9.509,2.250020,-155.286,-126.786455,-5.790640,67.522709,2180000.000,-25.8619,-22.8516,4.594401e-01
25 May 2023 11:02:53.000,9.509,2.250015,-154.952,-126.452209,-5.790661,67.856933,2180000.000,-25.5276,-22.5173,4.578548e-01
25 May 2023 11:03:23.000,9.509,2.250009,-154.716,-126.217047,-5.790686,68.092072,2180000.000,-25.2925,-22.2822,4.567028e-01
25 May 2023 11:03:53.000,9.509,2.250002,-154.608,-126.108314,-5.790711,68.200779,2180000.000,-25.1838,-22.1735,4.561597e-01
25 May 2023 11:04:23.000,9.509,2.249995,-154.635,-126.135776,-5.790737,68.173291,2180000.000,-25.2113,-22.2010,4.562976e-01
25 May 2023 11:04:53.000,9.509,2.249989,-154.796,-126.296750,-5.790762,68.012292,2180000.000,-25.3723,-22.3620,4.570971e-01
25 May 2023 11:05:23.000,9.509,2.249983,-155.076,-126.576883,-5.790786,67.732135,2180000.000,-25.6524,-22.6421,4.584538e-01
25 May 2023 11:05:41.317,9.509,2.249979,-155.297,-126.797209,-5.790798,67.511796,2180000.000,-25.8728,-22.8625,4.594908e-01
25 May 2023 20:35:15.557,9.509,2.250052,-155.297,-126.797264,-5.790518,67.512022,2180000.000,-25.8725,-22.8622,4.594898e-01
25 May 2023 20:35:45.000,9.509,2.250052,-154.280,-125.780628,-5.790520,68.528656,2180000.000,-24.8559,-21.8456,4.544803e-01
25 May 2023 20:36:15.000,9.509,2.250051,-153.119,-124.619494,-5.790523,69.689787,2180000.000,-23.6948,-20.6845,4.480045e-01
25 May 2023 20:36:45.000,9.509,2.250050,-151.805,-123.305172,-5.790527,71.004104,2180000.000,-22.3805,-19.3702,4.395709e-01
25 May 2023 20:37:15.000,9.509,2.250048,-150.307,-121.808099,-5.790535,72.501170,2180000.000,-20.8834,-17.8731,4.283175e-01
25 May 2023 20:37:45.000,9.509,2.250044,-148.608,-120.108880,-5.790549,74.200375,2180000.000,-19.1842,-16.1739,4.130543e-01
25 May 2023 20:38:15.000,9.509,2.250037,-146.748,-118.248491,-5.790575,76.060738,2180000.000,-17.3238,-14.3135,3.927460e-01
25 May 2023 20:38:45.000,9.509,2.250025,-144.983,-116.483657,-5.790624,77.825523,2180000.000,-15.5590,-12.5487,3.693836e-01
25 May 2023 20:39:15.000,9.509,2.250004,-144.018,-115.518918,-5.790705,78.790181,2180000.000,-14.5944,-11.5841,3.547014e-01
25 May 2023 20:39:45.000,9.509,2.249981,-144.545,-116.045721,-5.790792,78.263291,2180000.000,-15.1213,-12.1110,3.628975e-01
25 May 2023 20:40:15.000,9.509,2.249966,-146.155,-117.655680,-5.790851,76.653272,2180000.000,-16.7313,-13.7210,3.853789e-01
25 May 2023 20:40:45.000,9.509,2.249957,-148.031,-119.531929,-5.790883,74.776992,2180000.000,-18.6076,-15.5973,4.071918e-01
25 May 2023 20:41:15.000,9.509,2.249953,-149.793,-121.293304,-5.790900,73.015600,2180000.000,-20.3690,-17.3587,4.239956e-01
25 May 2023 20:41:45.000,9.509,2.249951,-151.354,-122.854584,-5.790909,71.454311,2180000.000,-21.9303,-18.9200,4.363829e-01
25 May 2023 20:42:15.000,9.509,2.249949,-152.724,-124.224626,-5.790915,70.084263,2180000.000,-23.3003,-20.2900,4.456033e-01
25 May 2023 20:42:45.000,9.509,2.249948,-153.931,-125.432106,-5.790918,68.876779,2180000.000,-24.5078,-21.4975,4.526275e-01
25 May 2023 20:43:15.000,9.509,2.249948,-155.005,-126.505253,-5.790920,67.803630,2180000.000,-25.5809,-22.5706,4.581117e-01
25 May 2023 20:43:22.928,9.509,2.249948,-155.269,-126.769484,-5.790921,67.539399,2180000.000,-25.8452,-22.8349,4.593623e-01
25 May 2023 22:10:37.370,9.509,2.250024,-155.277,-126.778058,-5.790626,67.531120,2180000.000,-25.8534,-22.8431,4.594009e-01
25 May 2023 22:11:07.000,9.509,2.250019,-154.868,-126.368939,-5.790647,67.940218,2180000.000,-25.4443,-22.4340,4.574503e-01
25 May 2023 22:11:37.000,9.509,2.250013,-154.552,-126.053155,-5.790671,68.255978,2180000.000,-25.1286,-22.1183,4.558813e-01
25 May 2023 22:12:07.000,9.509,2.250006,-154.361,-125.862151,-5.790697,68.446956,2180000.000,-24.9376,-21.9273,4.549047e-01
25 May 2023 22:12:37.000,9.509,2.249999,-154.313,-125.813709,-5.790724,68.495371,2180000.000,-24.8892,-21.8789,4.546537e-01
25 May 2023 22:13:07.000,9.509,2.249992,-154.412,-125.912523,-5.790751,68.396530,2180000.000,-24.9880,-21.9777,4.551646e-01
25 May 2023 22:13:37.000,9.509,2.249985,-154.648,-126.148744,-5.790776,68.160284,2180000.000,-25.2243,-22.2140,4.563628e-01
25 May 2023 22:14:07.000,9.509,2.249979,-155.000,-126.500971,-5.790799,67.808034,2180000.000,-25.5765,-22.5662,4.580905e-01
25 May 2023 22:14:25.527,9.509,2.249976,-155.264,-126.764617,-5.790811,67.544376,2180000.000,-25.8402,-22.8299,4.593391e-01
26 May 2023 09:21:14.572,9.509,2.250054,-155.267,-126.767279,-5.790512,67.542013,2180000.000,-25.8426,-22.8323,4.593502e-01
26 May 2023 09:21:44.000,9.509,2.250054,-154.212,-125.712598,-5.790513,68.596693,2180000.000,-24.7879,-21.7776,4.541240e-01
26 May 2023 09:22:14.000,9.509,2.250053,-152.989,-124.489761,-5.790513,69.819530,2180000.000,-23.5650,-20.5547,4.472265e-01
26 May 2023 09:22:44.000,9.509,2.250053,-151.573,-123.073568,-5.790515,71.235721,2180000.000,-22.1488,-19.1385,4.379509e-01
26 May 2023 09:23:14.000,9.509,2.250052,-149.898,-121.398285,-5.790517,72.911001,2180000.000,-20.4736,-17.4633,4.248945e-01
26 May 2023 09:23:44.000,9.509,2.250051,-147.864,-119.364866,-5.790523,74.944415,2180000.000,-18.4401,-15.4298,4.054194e-01
26 May 2023 09:24:14.000,9.509,2.250048,-145.332,-116.832695,-5.790535,77.476574,2180000.000,-15.9080,-12.8977,3.743499e-01
26 May 2023 09:24:44.000,9.509,2.250039,-142.213,-113.713745,-5.790568,80.595490,2180000.000,-12.7891,-9.7788,3.232068e-01
26 May 2023 09:25:14.000,9.509,2.250013,-139.397,-110.898074,-5.790667,83.411062,2180000.000,-9.9735,-6.9632,2.629139e-01
26 May 2023 09:25:44.000,9.509,2.249975,-140.136,-111.637004,-5.790815,82.671984,2180000.000,-10.7126,-7.7023,2.800675e-01
26 May 2023 09:26:14.000,9.509,2.249957,-143.322,-114.822323,-5.790886,79.486595,2180000.000,-13.8980,-10.8877,3.431918e-01
26 May 2023 09:26:44.000,9.509,2.249951,-146.252,-117.753117,-5.790909,76.555778,2180000.000,-16.8288,-13.8185,3.866231e-01
26 May 2023 09:27:14.000,9.509,2.249949,-148.598,-120.098956,-5.790918,74.209930,2180000.000,-19.1746,-16.1643,4.129601e-01
26 May 2023 09:27:44.000,9.509,2.249947,-150.497,-121.997334,-5.790922,72.311548,2180000.000,-21.0730,-18.0627,4.298492e-01
26 May 2023 09:28:14.000,9.509,2.249947,-152.075,-123.575641,-5.790924,70.733238,2180000.000,-22.6513,-19.6410,4.414127e-01
26 May 2023 09:28:44.000,9.509,2.249947,-153.419,-124.920113,-5.790925,69.388765,2180000.000,-23.9958,-20.9855,4.497660e-01
26 May 2023 09:29:14.000,9.509,2.249946,-154.588,-126.088167,-5.790926,68.220711,2180000.000,-25.1639,-22.1536,4.560594e-01
26 May 2023 09:29:34.209,9.509,2.249946,-155.295,-126.795794,-5.790926,67.513084,2180000.000,-25.8715,-22.8612,4.594849e-01
26 May 2023 20:29:51.656,9.509,2.250054,-155.294,-126.795094,-5.790512,67.514198,2180000.000,-25.8704,-22.8601,4.594797e-01
26 May 2023 20:30:21.000,9.509,2.250054,-154.244,-125.744630,-5.790512,68.564662,2180000.000,-24.8199,-21.8096,4.542921e-01
26 May 2023 20:30:51.000,9.509,2.250054,-153.022,-124.522522,-5.790513,69.786769,2180000.000,-23.5978,-20.5875,4.474240e-01
26 May 2023 20:31:21.000,9.509,2.250053,-151.605,-123.105360,-5.790514,71.203930,2180000.000,-22.1806,-19.1703,4.381758e-01
26 May 2023 20:31:51.000,9.509,2.250053,-149.924,-121.424847,-5.790516,72.884441,2180000.000,-20.5001,-17.4898,4.251211e-01
26 May 2023 20:32:21.000,9.509,2.250052,-147.874,-119.374805,-5.790520,74.934479,2180000.000,-18.4501,-15.4398,4.055255e-01
26 May 2023 20:32:51.000,9.509,2.250049,-145.291,-116.791767,-5.790530,77.517507,2180000.000,-15.8671,-12.8568,3.737765e-01
26 May 2023 20:33:21.000,9.509,2.250041,-142.005,-113.505321,-5.790559,80.803924,2180000.000,-12.5806,-9.5703,3.192161e-01
26 May 2023 20:33:51.000,9.509,2.250017,-138.731,-110.232008,-5.790655,84.077141,2180000.000,-9.3074,-6.2971,2.466878e-01
26 May 2023 20:34:21.000,9.509,2.249975,-139.359,-110.859493,-5.790817,83.449494,2180000.000,-9.9351,-6.9248,2.619970e-01
26 May 2023 20:34:51.000,9.509,2.249956,-142.866,-114.366746,-5.790890,79.942168,2180000.000,-13.4424,-10.4321,3.352323e-01
26 May 2023 20:35:21.000,9.509,2.249950,-145.978,-117.478997,-5.790912,76.829895,2180000.000,-16.5547,-13.5444,3.830922e-01
26 May 2023 20:35:51.000,9.509,2.249948,-148.414,-119.914379,-5.790920,74.394505,2180000.000,-18.9901,-15.9798,4.111216e-01
26 May 2023 20:36:21.000,9.509,2.249947,-150.362,-121.862192,-5.790923,72.446688,2180000.000,-20.9379,-17.9276,4.287609e-01
26 May 2023 20:36:51.000,9.509,2.249947,-151.970,-123.470832,-5.790925,70.838046,2180000.000,-22.5465,-19.5362,4.407067e-01
26 May 2023 20:37:21.000,9.509,2.249946,-153.335,-124.835480,-5.790926,69.473398,2180000.000,-23.9112,-20.9009,4.492768e-01
26 May 2023 20:37:51.000,9.509,2.249946,-154.517,-126.017797,-5.790926,68.291080,2180000.000,-25.0935,-22.0832,4.557034e-01
26 May 2023 20:38:12.194,9.509,2.249946,-155.266,-126.766284,-5.790927,67.542594,2180000.000,-25.8420,-22.8317,4.593474e-01
27 May 2023 07:44:28.984,9.509,2.250031,-155.263,-126.763777,-5.790601,67.545426,2180000.000,-25.8391,-22.8288,4.593342e-01
27 May 2023 07:44:58.000,9.509,2.250026,-154.725,-126.225859,-5.790618,68.083326,2180000.000,-25.3012,-22.2909,4.567462e-01
27 May 2023 07:45:28.000,9.509,2.250021,-154.239,-125.739774,-5.790640,68.569391,2180000.000,-24.8152,-21.8049,4.542673e-01
27 May 2023 07:45:58.000,9.509,2.250014,-153.860,-125.360370,-5.790665,68.948769,2180000.000,-24.4358,-21.4255,4.522351e-01
27 May 2023 07:46:28.000,9.509,2.250007,-153.622,-125.122938,-5.790693,69.186173,2180000.000,-24.1984,-21.1881,4.509182e-01
27 May 2023 07:46:58.000,9.509,2.249999,-153.553,-125.053479,-5.790723,69.255602,2180000.000,-24.1290,-21.1187,4.505263e-01
27 May 2023 07:47:28.000,9.509,2.249991,-153.660,-125.160330,-5.790752,69.148722,2180000.000,-24.2358,-21.2255,4.511283e-01
27 May 2023 07:47:58.000,9.509,2.249984,-153.930,-125.431146,-5.790780,68.877879,2180000.000,-24.5067,-21.4964,4.526215e-01
27 May 2023 07:48:28.000,9.509,2.249978,-154.337,-125.837309,-5.790804,68.471691,2180000.000,-24.9129,-21.9026,4.547766e-01
27 May 2023 07:48:58.000,9.509,2.249973,-154.842,-126.342794,-5.790825,67.966185,2180000.000,-25.4184,-22.4081,4.573234e-01
27 May 2023 07:49:21.266,9.509,2.249969,-155.280,-126.780667,-5.790839,67.528298,2180000.000,-25.8563,-22.8460,4.594141e-01
27 May 2023 09:16:08.833,9.509,2.250051,-155.270,-126.770724,-5.790522,67.538558,2180000.000,-25.8460,-22.8357,4.593663e-01
27 May 2023 09:16:38.000,9.509,2.250050,-154.286,-125.787145,-5.790525,68.522133,2180000.000,-24.8624,-21.8521,4.545144e-01
27 May 2023 09:17:08.000,9.509,2.250049,-153.166,-124.666902,-5.790530,69.642372,2180000.000,-23.7422,-20.7319,4.482859e-01
27 May 2023 09:17:38.000,9.509,2.250047,-151.921,-123.421919,-5.790537,70.887348,2180000.000,-22.4972,-19.4869,4.403717e-01
27 May 2023 09:18:08.000,9.509,2.250044,-150.545,-122.045345,-5.790549,72.263910,2180000.000,-21.1207,-18.1104,4.302290e-01
27 May 2023 09:18:38.000,9.509,2.250039,-149.059,-120.559624,-5.790568,73.749612,2180000.000,-19.6350,-16.6247,4.173862e-01
27 May 2023 09:19:08.000,9.509,2.250031,-147.570,-119.070438,-5.790600,75.238766,2180000.000,-18.1458,-15.1355,4.022243e-01
27 May 2023 09:19:38.000,9.509,2.250017,-146.361,-117.861977,-5.790652,76.447175,2180000.000,-16.9374,-13.9271,3.879940e-01
27 May 2023 09:20:08.000,9.509,2.249999,-145.898,-117.399012,-5.790722,76.910070,2180000.000,-16.4745,-13.4642,3.820401e-01
27 May 2023 09:20:38.000,9.509,2.249981,-146.437,-117.937385,-5.790791,76.371628,2180000.000,-17.0129,-14.0026,3.889384e-01
27 May 2023 09:21:08.000,9.509,2.249968,-147.683,-119.183544,-5.790841,75.125419,2180000.000,-18.2591,-15.2488,4.034667e-01
27 May 2023 09:21:38.000,9.509,2.249960,-149.178,-120.678919,-5.790872,73.630013,2180000.000,-19.7546,-16.7443,4.185000e-01
27 May 2023 09:22:08.000,9.509,2.249956,-150.656,-122.157059,-5.790891,72.151854,2180000.000,-21.2327,-18.2224,4.311143e-01
27 May 2023 09:22:38.000,9.509,2.249953,-152.022,-123.522170,-5.790902,70.786732,2180000.000,-22.5978,-19.5875,4.410534e-01
27 May 2023 09:23:08.000,9.509,2.249951,-153.255,-124.755590,-5.790909,69.553306,2180000.000,-23.8313,-20.8210,4.488106e-01
27 May 2023 09:23:38.000,9.509,2.249950,-154.365,-125.865324,-5.790913,68.443567,2180000.000,-24.9410,-21.9307,4.549222e-01
27 May 2023 09:24:05.845,9.509,2.249949,-155.297,-126.797727,-5.790916,67.511161,2180000.000,-25.8734,-22.8631,4.594938e-01

