"Time (UTCG),""EIRP (dBW)"",""Rcvd. Frequency (GHz)"",""Rcvd. Iso. Power (dBW)"",""Flux Density (dBW/m^2)"",""g/T (dB/K)"",""C/No (dB*Hz)"",""Bandwidth (kHz)"",""C/N (dB)"",""Eb/No (dB)"",""BER"""
20 May 2023 16:44:55.439,9.509,2.250046,-155.255,-126.756073,9.772484,83.116215,2180000.000,-10.2684,-7.2581,2.698672e-01
20 May 2023 16:45:25.000,9.509,2.250045,-154.360,-125.860286,9.772477,84.011995,2180000.000,-9.3726,-6.3623,2.483055e-01
20 May 2023 16:45:55.000,9.509,2.250042,-153.397,-124.898058,9.772466,84.974212,2180000.000,-8.4104,-5.4001,2.237848e-01
20 May 2023 16:46:25.000,9.509,2.250038,-152.399,-123.900102,9.772451,85.972153,2180000.000,-7.4124,-4.4021,1.971235e-01
20 May 2023 16:46:55.000,9.509,2.250033,-151.407,-122.907854,9.772430,86.964380,2180000.000,-6.4202,-3.4099,1.697792e-01
20 May 2023 16:47:25.000,9.509,2.250025,-150.501,-122.001291,9.772400,87.870913,2180000.000,-5.5137,-2.5034,1.445493e-01
20 May 2023 16:47:55.000,9.509,2.250015,-149.807,-121.307235,9.772361,88.564929,2180000.000,-4.8196,-1.8093,1.254263e-01
20 May 2023 16:48:25.000,9.509,2.250003,-149.473,-120.973396,9.772314,88.898722,2180000.000,-4.4858,-1.4755,1.163823e-01
20 May 2023 16:48:55.000,9.509,2.249991,-149.590,-121.091076,9.772266,88.780993,2180000.000,-4.6036,-1.5933,1.195572e-01
20 May 2023 16:49:25.000,9.509,2.249979,-150.126,-121.626624,9.772223,88.245403,2180000.000,-5.1392,-2.1289,1.341887e-01
20 May 2023 16:49:55.000,9.509,2.249971,-150.948,-122.448367,9.772190,87.423627,2180000.000,-5.9609,-2.9506,1.569932e-01
20 May 2023 16:50:25.000,9.509,2.249964,-151.912,-123.412586,9.772165,86.459383,2180000.000,-6.9252,-3.9149,1.837687e-01
20 May 2023 16:50:55.000,9.509,2.249960,-152.915,-124.416043,9.772148,85.455909,2180000.000,-7.9287,-4.9184,2.110506e-01
20 May 2023 16:51:25.000,9.509,2.249956,-153.900,-125.400276,9.772136,84.471664,2180000.000,-8.9129,-5.9026,2.367554e-01
20 May 2023 16:51:55.000,9.509,2.249954,-154.837,-126.337567,9.772129,83.534366,2180000.000,-9.8502,-6.8399,2.599636e-01
20 May 2023 16:52:12.212,9.509,2.249953,-155.349,-126.849672,9.772125,83.022257,2180000.000,-10.3623,-7.3520,2.720525e-01
20 May 2023 18:18:09.538,9.509,2.250046,-155.305,-126.805216,9.772484,83.067072,2180000.000,-10.3175,-7.3072,2.710121e-01
20 May 2023 18:18:39.000,9.509,2.250044,-154.422,-125.922867,9.772476,83.949413,2180000.000,-9.4352,-6.4249,2.498534e-01
20 May 2023 18:19:09.000,9.509,2.250042,-153.472,-124.972879,9.772466,84.899391,2180000.000,-8.4852,-5.4749,2.257373e-01
20 May 2023 18:19:39.000,9.509,2.250038,-152.487,-123.987887,9.772451,85.884368,2180000.000,-7.5002,-4.4899,1.995097e-01
20 May 2023 18:20:09.000,9.509,2.250033,-151.506,-123.007122,9.772430,86.865112,2180000.000,-6.5195,-3.5092,1.725374e-01
20 May 2023 18:20:39.000,9.509,2.250026,-150.605,-122.105948,9.772402,87.766258,2180000.000,-5.6183,-2.6080,1.474564e-01
20 May 2023 18:21:09.000,9.509,2.250016,-149.904,-121.404228,9.772364,88.467940,2180000.000,-4.9166,-1.9063,1.280766e-01
20 May 2023 18:21:39.000,9.509,2.250004,-149.544,-121.044279,9.772318,88.827843,2180000.000,-4.5567,-1.5464,1.182917e-01
20 May 2023 18:22:09.000,9.509,2.249992,-149.620,-121.120612,9.772271,88.751463,2180000.000,-4.6331,-1.6228,1.203563e-01
20 May 2023 18:22:39.000,9.509,2.249981,-150.111,-121.611540,9.772228,88.260492,2180000.000,-5.1241,-2.1138,1.337730e-01
20 May 2023 18:23:09.000,9.509,2.249972,-150.896,-122.396253,9.772194,87.475745,2180000.000,-5.9088,-2.8985,1.555415e-01
20 May 2023 18:23:39.000,9.509,2.249965,-151.834,-123.334534,9.772169,86.537439,2180000.000,-6.8471,-3.8368,1.816144e-01
20 May 2023 18:24:09.000,9.509,2.249961,-152.821,-124.321554,9.772152,85.550402,2180000.000,-7.8342,-4.8239,2.085214e-01
20 May 2023 18:24:39.000,9.509,2.249957,-153.795,-125.295967,9.772139,84.575977,2180000.000,-8.8086,-5.7983,2.340915e-01
20 May 2023 18:25:09.000,9.509,2.249955,-154.727,-126.227632,9.772131,83.644303,2180000.000,-9.7403,-6.7300,2.573123e-01
20 May 2023 18:25:31.361,9.509,2.249954,-155.386,-126.886699,9.772126,82.985231,2180000.000,-10.3993,-7.3890,2.729096e-01
21 May 2023 02:13:30.287,9.509,2.250050,-155.384,-126.884187,9.772497,82.988114,2180000.000,-10.3965,-7.3862,2.728430e-01
21 May 2023 02:14:00.000,9.509,2.250049,-154.426,-125.926559,9.772493,83.945738,2180000.000,-9.4388,-6.4285,2.499441e-01
21 May 2023 02:14:30.000,9.509,2.250047,-153.368,-124.868661,9.772486,85.003628,2180000.000,-8.3809,-5.3706,2.230152e-01
21 May 2023 02:15:00.000,9.509,2.250045,-152.214,-123.714787,9.772477,86.157494,2180000.000,-7.2271,-4.2168,1.920642e-01
21 May 2023 02:15:30.000,9.509,2.250041,-150.973,-122.473911,9.772463,87.398355,2180000.000,-5.9862,-2.9759,1.576972e-01
21 May 2023 02:16:00.000,9.509,2.250035,-149.689,-121.189297,9.772441,88.682948,2180000.000,-4.7016,-1.6913,1.222141e-01
21 May 2023 02:16:30.000,9.509,2.250027,-148.477,-119.977987,9.772406,89.894223,2180000.000,-3.4903,-0.4800,9.041972e-02
21 May 2023 02:17:00.000,9.509,2.250014,-147.573,-119.073296,9.772357,90.798865,2180000.000,-2.5857,0.4246,6.876352e-02
21 May 2023 02:17:30.000,9.509,2.249998,-147.273,-118.773678,9.772296,91.098422,2180000.000,-2.2861,0.7242,6.212544e-02
21 May 2023 02:18:00.000,9.509,2.249983,-147.708,-119.209068,9.772237,90.662973,2180000.000,-2.7216,0.2887,7.186920e-02
21 May 2023 02:18:30.000,9.509,2.249971,-148.696,-120.196737,9.772192,89.675259,2180000.000,-3.7093,-0.6990,9.596986e-02
21 May 2023 02:19:00.000,9.509,2.249963,-149.937,-121.437425,9.772162,88.434541,2180000.000,-4.9500,-1.9397,1.289913e-01
21 May 2023 02:19:30.000,9.509,2.249958,-151.220,-122.721052,9.772142,87.150894,2180000.000,-6.2337,-3.2234,1.645898e-01
21 May 2023 02:20:00.000,9.509,2.249955,-152.448,-123.948492,9.772130,85.923441,2180000.000,-7.4611,-4.4508,1.984484e-01
21 May 2023 02:20:30.000,9.509,2.249953,-153.585,-125.085437,9.772123,84.786490,2180000.000,-8.5981,-5.5878,2.286697e-01
21 May 2023 02:21:00.000,9.509,2.249951,-154.626,-126.126618,9.772117,83.745303,2180000.000,-9.6393,-6.6290,2.548595e-01
21 May 2023 02:21:20.787,9.509,2.249950,-155.294,-126.794801,9.772114,83.077118,2180000.000,-10.3074,-7.2971,2.707784e-01
21 May 2023 03:47:22.888,9.509,2.250042,-155.339,-126.840066,9.772465,83.032203,2180000.000,-10.3524,-7.3421,2.718219e-01
21 May 2023 03:47:52.000,9.509,2.250039,-154.577,-126.077747,9.772453,83.794510,2180000.000,-9.5901,-6.5798,2.536586e-01
21 May 2023 03:48:22.000,9.509,2.250035,-153.790,-125.290838,9.772438,84.581404,2180000.000,-8.8032,-5.7929,2.339525e-01
21 May 2023 03:48:52.000,9.509,2.250030,-153.036,-124.536224,9.772418,85.335997,2180000.000,-8.0486,-5.0383,2.142460e-01
21 May 2023 03:49:22.000,9.509,2.250023,-152.365,-123.866057,9.772392,86.006139,2180000.000,-7.3784,-4.3681,1.961979e-01
21 May 2023 03:49:52.000,9.509,2.250015,-151.849,-123.349613,9.772360,86.522551,2180000.000,-6.8620,-3.8517,1.820256e-01
21 May 2023 03:50:22.000,9.509,2.250005,-151.559,-123.059991,9.772323,86.812136,2180000.000,-6.5724,-3.5621,1.740080e-01
21 May 2023 03:50:52.000,9.509,2.249996,-151.547,-123.047395,9.772285,86.824694,2180000.000,-6.5599,-3.5496,1.736595e-01
21 May 2023 03:51:22.000,9.509,2.249986,-151.813,-123.314039,9.772248,86.558013,2180000.000,-6.8266,-3.8163,1.810460e-01
21 May 2023 03:51:52.000,9.509,2.249978,-152.312,-123.812925,9.772217,86.059096,2180000.000,-7.3255,-4.3152,1.947536e-01
21 May 2023 03:52:22.000,9.509,2.249971,-152.971,-124.471702,9.772191,85.400293,2180000.000,-7.9843,-4.9740,2.125347e-01
21 May 2023 03:52:52.000,9.509,2.249966,-153.719,-125.220068,9.772171,84.651908,2180000.000,-8.7327,-5.7224,2.321429e-01
21 May 2023 03:53:22.000,9.509,2.249962,-154.504,-126.004297,9.772156,83.867663,2180000.000,-9.5169,-6.5066,2.518662e-01
21 May 2023 03:53:50.703,9.509,2.249959,-155.255,-126.755511,9.772145,83.116438,2180000.000,-10.2681,-7.2578,2.698620e-01
21 May 2023 16:39:11.770,9.509,2.250052,-155.260,-126.760982,9.772505,83.111328,2180000.000,-10.2732,-7.2629,2.699813e-01
21 May 2023 16:39:41.000,9.509,2.250051,-154.256,-125.756237,9.772503,84.116070,2180000.000,-9.2685,-6.2582,2.457180e-01
21 May 2023 16:40:11.000,9.509,2.250050,-153.105,-124.605382,9.772500,85.266922,2180000.000,-8.1176,-5.1073,2.160794e-01
21 May 2023 16:40:41.000,9.509,2.250049,-151.811,-123.311245,9.772494,86.561053,2180000.000,-6.8235,-3.8132,1.809620e-01
21 May 2023 16:41:11.000,9.509,2.250046,-150.353,-121.853553,9.772483,88.018734,2180000.000,-5.3658,-2.3555,1.404506e-01
21 May 2023 16:41:41.000,9.509,2.250042,-148.731,-120.231846,9.772467,89.640424,2180000.000,-3.7441,-0.7338,9.686225e-02
21 May 2023 16:42:11.000,9.509,2.250034,-147.021,-118.522093,9.772437,91.350147,2180000.000,-2.0344,0.9759,5.678214e-02
21 May 2023 16:42:41.000,9.509,2.250021,-145.514,-117.014969,9.772383,92.857219,2180000.000,-0.5273,2.4830,2.990534e-02
21 May 2023 16:43:11.000,9.509,2.250001,-144.826,-116.326374,9.772306,93.545735,2180000.000,0.1612,3.1715,2.080212e-02
21 May 2023 16:43:41.000,9.509,2.249981,-145.405,-116.905873,9.772228,92.966158,2180000.000,-0.4184,2.5919,2.832886e-02
21 May 2023 16:44:11.000,9.509,2.249966,-146.867,-118.367404,9.772174,91.504574,2180000.000,-1.8800,1.1303,5.361618e-02
21 May 2023 16:44:41.000,9.509,2.249958,-148.575,-120.075862,9.772144,89.796085,2180000.000,-3.5885,-0.5782,9.289431e-02
21 May 2023 16:45:11.000,9.509,2.249954,-150.211,-121.711330,9.772128,88.160602,2180000.000,-5.2240,-2.2137,1.365276e-01
21 May 2023 16:45:41.000,9.509,2.249951,-151.685,-123.185216,9.772118,86.686706,2180000.000,-6.6979,-3.6876,1.774856e-01
21 May 2023 16:46:11.000,9.509,2.249950,-152.994,-124.494206,9.772112,85.377710,2180000.000,-8.0069,-4.9966,2.131363e-01
21 May 2023 16:46:41.000,9.509,2.249949,-154.157,-125.657816,9.772108,84.214096,2180000.000,-9.1705,-6.1602,2.432660e-01
21 May 2023 16:47:11.000,9.509,2.249948,-155.198,-126.698435,9.772106,83.173475,2180000.000,-10.2111,-7.2008,2.685282e-01
21 May 2023 16:47:16.022,9.509,2.249948,-155.361,-126.862072,9.772106,83.009837,2180000.000,-10.3747,-7.3644,2.723403e-01
21 May 2023 18:13:35.146,9.509,2.250038,-155.324,-126.824461,9.772452,83.047795,2180000.000,-10.3368,-7.3265,2.714600e-01
21 May 2023 18:14:05.000,9.509,2.250035,-154.610,-126.111031,9.772438,83.761212,2180000.000,-9.6234,-6.6131,2.544716e-01
21 May 2023 18:14:35.000,9.509,2.250030,-153.915,-125.416068,9.772421,84.456157,2180000.000,-8.9284,-5.9181,2.371501e-01
21 May 2023 18:15:05.000,9.509,2.250025,-153.279,-124.779872,9.772399,85.092331,2180000.000,-8.2922,-5.2819,2.206880e-01
21 May 2023 18:15:35.000,9.509,2.250018,-152.751,-124.251931,9.772372,85.620245,2180000.000,-7.7643,-4.7540,2.066459e-01
21 May 2023 18:16:05.000,9.509,2.250010,-152.388,-123.888609,9.772341,85.983536,2180000.000,-7.4010,-4.3907,1.968136e-01
21 May 2023 18:16:35.000,9.509,2.250001,-152.238,-123.738767,9.772307,86.133344,2180000.000,-7.2512,-4.2409,1.927250e-01
21 May 2023 18:17:05.000,9.509,2.249992,-152.325,-123.825249,9.772273,86.046828,2180000.000,-7.3377,-4.3274,1.950884e-01
21 May 2023 18:17:35.000,9.509,2.249984,-152.634,-124.134422,9.772241,85.737623,2180000.000,-7.6469,-4.6366,2.034829e-01
21 May 2023 18:18:05.000,9.509,2.249977,-153.122,-124.622552,9.772214,85.249466,2180000.000,-8.1351,-5.1248,2.165418e-01
21 May 2023 18:18:35.000,9.509,2.249971,-153.733,-125.233529,9.772191,84.638466,2180000.000,-8.7461,-5.7358,2.324884e-01
21 May 2023 18:19:05.000,9.509,2.249966,-154.414,-125.915156,9.772173,83.956821,2180000.000,-9.4277,-6.4174,2.496705e-01
21 May 2023 18:19:35.000,9.509,2.249963,-155.126,-126.627156,9.772160,83.244808,2180000.000,-10.1398,-7.1295,2.668524e-01
21 May 2023 18:19:45.975,9.509,2.249962,-155.389,-126.889456,9.772155,82.982503,2180000.000,-10.4021,-7.3918,2.729727e-01
22 May 2023 02:08:02.394,9.509,2.250053,-155.378,-126.878562,9.772510,82.993752,2180000.000,-10.3908,-7.3805,2.727126e-01
22 May 2023 02:08:32.000,9.509,2.250053,-154.348,-125.848449,9.772509,84.023863,2180000.000,-9.3607,-6.3504,2.480112e-01
22 May 2023 02:09:02.000,9.509,2.250052,-153.169,-124.670081,9.772507,85.202230,2180000.000,-8.1823,-5.1720,2.177913e-01
22 May 2023 02:09:32.000,9.509,2.250052,-151.821,-123.321374,9.772505,86.550935,2180000.000,-6.8336,-3.8233,1.812416e-01
22 May 2023 02:10:02.000,9.509,2.250050,-150.255,-121.755572,9.772500,88.116732,2180000.000,-5.2678,-2.2575,1.377395e-01
22 May 2023 02:10:32.000,9.509,2.250048,-148.415,-119.915195,9.772491,89.957100,2180000.000,-3.4275,-0.4172,8.884574e-02
22 May 2023 02:11:02.000,9.509,2.250043,-146.257,-117.757206,9.772471,92.115069,2180000.000,-1.2695,1.7408,4.199003e-02
22 May 2023 02:11:32.000,9.509,2.250033,-143.898,-115.398232,9.772430,94.474001,2180000.000,1.0894,4.0997,1.168709e-02
22 May 2023 02:12:02.000,9.509,2.250011,-142.132,-113.632645,9.772343,96.239502,2180000.000,2.8549,5.8652,2.732329e-03
22 May 2023 02:12:32.000,9.509,2.249982,-142.470,-113.970297,9.772233,95.901739,2180000.000,2.5172,5.5275,3.766422e-03
22 May 2023 02:13:02.000,9.509,2.249963,-144.548,-116.048665,9.772162,93.823301,2180000.000,0.4387,3.4490,1.770591e-02
22 May 2023 02:13:32.000,9.509,2.249955,-146.888,-118.388654,9.772131,91.483280,2180000.000,-1.9013,1.1090,5.404753e-02
22 May 2023 02:14:02.000,9.509,2.249951,-148.958,-120.459025,9.772117,89.412896,2180000.000,-3.9717,-0.9614,1.027498e-01
22 May 2023 02:14:32.000,9.509,2.249949,-150.717,-122.218095,9.772110,87.653818,2180000.000,-5.7307,-2.7204,1.505836e-01
22 May 2023 02:15:02.000,9.509,2.249948,-152.218,-123.719043,9.772106,86.152866,2180000.000,-7.2317,-4.2214,1.921908e-01
22 May 2023 02:15:32.000,9.509,2.249948,-153.516,-125.017130,9.772103,84.854777,2180000.000,-8.5298,-5.5195,2.268980e-01
22 May 2023 02:16:02.000,9.509,2.249947,-154.655,-126.155661,9.772102,83.716245,2180000.000,-9.6683,-6.6580,2.555668e-01
22 May 2023 02:16:20.132,9.509,2.249947,-155.280,-126.780384,9.772102,83.091522,2180000.000,-10.2930,-7.2827,2.704430e-01
22 May 2023 03:43:12.104,9.509,2.250026,-155.316,-126.817037,9.772405,83.055172,2180000.000,-10.3294,-7.3191,2.712887e-01
22 May 2023 03:43:42.000,9.509,2.250021,-154.860,-126.360458,9.772384,83.511730,2180000.000,-9.8728,-6.8625,2.605070e-01
22 May 2023 03:44:12.000,9.509,2.250015,-154.493,-125.994074,9.772361,83.878091,2180000.000,-9.5065,-6.4962,2.516101e-01
22 May 2023 03:44:42.000,9.509,2.250008,-154.248,-125.748939,9.772334,84.123199,2180000.000,-9.2614,-6.2511,2.455402e-01
22 May 2023 03:45:12.000,9.509,2.250001,-154.147,-125.648059,9.772307,84.224051,2180000.000,-9.1605,-6.1502,2.430161e-01
22 May 2023 03:45:42.000,9.509,2.249994,-154.201,-125.701711,9.772279,84.170372,2180000.000,-9.2142,-6.2039,2.443615e-01
22 May 2023 03:46:12.000,9.509,2.249987,-154.404,-125.904183,9.772252,83.967873,2180000.000,-9.4167,-6.4064,2.493974e-01
22 May 2023 03:46:42.000,9.509,2.249981,-154.735,-126.235622,9.772228,83.636410,2180000.000,-9.7482,-6.7379,2.575033e-01
22 May 2023 03:47:12.000,9.509,2.249975,-155.167,-126.667833,9.772208,83.204178,2180000.000,-10.1804,-7.1701,2.678079e-01
22 May 2023 03:47:17.897,9.509,2.249974,-155.261,-126.762037,9.772204,83.109971,2180000.000,-10.2746,-7.2643,2.700129e-01
22 May 2023 16:33:44.304,9.509,2.250054,-155.269,-126.769623,9.772513,83.102694,2180000.000,-10.2819,-7.2716,2.701826e-01
22 May 2023 16:34:14.000,9.509,2.250054,-154.203,-125.703709,9.772513,84.168607,2180000.000,-9.2160,-6.2057,2.444056e-01
22 May 2023 16:34:44.000,9.509,2.250053,-152.977,-124.477514,9.772512,85.394802,2180000.000,-7.9898,-4.9795,2.126810e-01
22 May 2023 16:35:14.000,9.509,2.250053,-151.555,-123.055902,9.772511,86.816412,2180000.000,-6.5682,-3.5579,1.738894e-01
22 May 2023 16:35:44.000,9.509,2.250052,-149.871,-121.371206,9.772508,88.501106,2180000.000,-4.8835,-1.8732,1.271693e-01
22 May 2023 16:36:14.000,9.509,2.250051,-147.819,-119.319741,9.772503,90.552567,2180000.000,-2.8320,0.1783,7.443362e-02
22 May 2023 16:36:44.000,9.509,2.250048,-145.248,-116.748166,9.772492,93.124130,2180000.000,-0.2604,2.7499,2.613382e-02
22 May 2023 16:37:14.000,9.509,2.250040,-142.031,-113.531418,9.772458,96.340844,2180000.000,2.9563,5.9666,2.470228e-03
22 May 2023 16:37:44.000,9.509,2.250014,-139.027,-110.527979,9.772357,99.344182,2180000.000,5.9596,8.9699,3.563365e-05
22 May 2023 16:38:14.000,9.509,2.249974,-139.814,-111.314870,9.772203,98.557137,2180000.000,5.1726,8.1829,1.428527e-04
22 May 2023 16:38:44.000,9.509,2.249956,-143.164,-114.665085,9.772135,95.206854,2180000.000,1.8223,4.8326,6.815188e-03
22 May 2023 16:39:14.000,9.509,2.249950,-146.170,-117.671069,9.772115,92.200850,2180000.000,-1.1837,1.8266,4.047536e-02
22 May 2023 16:39:44.000,9.509,2.249948,-148.549,-120.049847,9.772106,89.822063,2180000.000,-3.5625,-0.5522,9.223718e-02
22 May 2023 16:40:14.000,9.509,2.249947,-150.464,-121.964774,9.772102,87.907132,2180000.000,-5.4774,-2.4671,1.435441e-01
22 May 2023 16:40:44.000,9.509,2.249947,-152.052,-123.552450,9.772100,86.319454,2180000.000,-7.0651,-4.0548,1.876215e-01
22 May 2023 16:41:14.000,9.509,2.249947,-153.402,-124.902730,9.772099,84.969173,2180000.000,-8.4154,-5.4051,2.239165e-01
22 May 2023 16:41:44.000,9.509,2.249946,-154.574,-126.074641,9.772099,83.797262,2180000.000,-9.5873,-6.5770,2.535913e-01
22 May 2023 16:42:06.813,9.509,2.249946,-155.371,-126.871579,9.772099,83.000324,2180000.000,-10.3842,-7.3739,2.725605e-01
22 May 2023 18:09:28.012,9.509,2.250026,-155.347,-126.847753,9.772402,83.024452,2180000.000,-10.3601,-7.3498,2.720017e-01
22 May 2023 18:09:58.000,9.509,2.250020,-154.905,-126.406098,9.772382,83.466087,2180000.000,-9.9185,-6.9082,2.616003e-01
22 May 2023 18:10:28.000,9.509,2.250015,-154.554,-126.054309,9.772359,83.817853,2180000.000,-9.5667,-6.5564,2.530876e-01
22 May 2023 18:10:58.000,9.509,2.250008,-154.319,-125.819871,9.772333,84.052266,2180000.000,-9.3323,-6.3220,2.473062e-01
22 May 2023 18:11:28.000,9.509,2.250001,-154.223,-125.723959,9.772306,84.148151,2180000.000,-9.2364,-6.2261,2.449171e-01
22 May 2023 18:11:58.000,9.509,2.249994,-154.275,-125.775938,9.772279,84.096145,2180000.000,-9.2884,-6.2781,2.462146e-01
22 May 2023 18:12:28.000,9.509,2.249987,-154.470,-125.970499,9.772254,83.901559,2180000.000,-9.4830,-6.4727,2.510329e-01
22 May 2023 18:12:58.000,9.509,2.249981,-154.789,-126.289308,9.772231,83.582727,2180000.000,-9.8018,-6.7915,2.587997e-01
22 May 2023 18:13:28.000,9.509,2.249976,-155.206,-126.706172,9.772210,83.165843,2180000.000,-10.2187,-7.2084,2.687070e-01
22 May 2023 18:13:39.707,9.509,2.249974,-155.389,-126.889331,9.772203,82.982676,2180000.000,-10.4019,-7.3916,2.729687e-01
23 May 2023 00:31:06.634,9.509,2.250027,-155.389,-126.889666,9.772406,82.982544,2180000.000,-10.4020,-7.3917,2.729717e-01
23 May 2023 00:31:36.000,9.509,2.250022,-154.931,-126.431223,9.772388,83.440968,2180000.000,-9.9436,-6.9333,2.622006e-01
23 May 2023 00:32:06.000,9.509,2.250016,-154.544,-126.045065,9.772365,83.827104,2180000.000,-9.5575,-6.5472,2.528610e-01
23 May 2023 00:32:36.000,9.509,2.250010,-154.270,-125.770779,9.772340,84.101366,2180000.000,-9.2832,-6.2729,2.460846e-01
23 May 2023 00:33:06.000,9.509,2.250003,-154.132,-125.632958,9.772313,84.239160,2180000.000,-9.1454,-6.1351,2.426367e-01
23 May 2023 00:33:36.000,9.509,2.249996,-154.145,-125.645419,9.772286,84.226671,2180000.000,-9.1579,-6.1476,2.429504e-01
23 May 2023 00:34:06.000,9.509,2.249989,-154.306,-125.807002,9.772260,84.065062,2180000.000,-9.3195,-6.3092,2.469882e-01
23 May 2023 00:34:36.000,9.509,2.249983,-154.601,-126.101937,9.772236,83.770103,2180000.000,-9.6145,-6.6042,2.542547e-01
23 May 2023 00:35:06.000,9.509,2.249977,-155.004,-126.504560,9.772214,83.367458,2180000.000,-10.0171,-7.0068,2.639512e-01
23 May 2023 00:35:27.677,9.509,2.249974,-155.345,-126.846010,9.772201,83.025995,2180000.000,-10.3586,-7.3483,2.719659e-01
23 May 2023 02:02:43.670,9.509,2.250054,-155.370,-126.871165,9.772513,83.001152,2180000.000,-10.3834,-7.3731,2.725414e-01
23 May 2023 02:03:13.000,9.509,2.250054,-154.333,-125.833195,9.772512,84.039121,2180000.000,-9.3454,-6.3351,2.476327e-01
23 May 2023 02:03:43.000,9.509,2.250053,-153.127,-124.627548,9.772512,85.244768,2180000.000,-8.1398,-5.1295,2.166662e-01
23 May 2023 02:04:13.000,9.509,2.250053,-151.733,-123.233522,9.772511,86.638792,2180000.000,-6.7458,-3.7355,1.788121e-01
23 May 2023 02:04:43.000,9.509,2.250052,-150.087,-121.587511,9.772508,88.284801,2180000.000,-5.0998,-2.0895,1.331037e-01
23 May 2023 02:05:13.000,9.509,2.250051,-148.092,-119.593094,9.772504,90.279213,2180000.000,-3.1054,-0.0951,8.093321e-02
23 May 2023 02:05:43.000,9.509,2.250048,-145.608,-117.108941,9.772493,92.763356,2180000.000,-0.6212,2.3891,3.130460e-02
23 May 2023 02:06:13.000,9.509,2.250041,-142.510,-114.010901,9.772462,95.861365,2180000.000,2.4768,5.4871,3.907858e-03
23 May 2023 02:06:43.000,9.509,2.250018,-139.454,-110.954287,9.772371,98.917889,2180000.000,5.5333,8.5436,7.785568e-05
23 May 2023 02:07:13.000,9.509,2.249978,-139.716,-111.216746,9.772218,98.655276,2180000.000,5.2707,8.2810,1.216787e-04
23 May 2023 02:07:43.000,9.509,2.249958,-142.894,-114.394915,9.772141,95.477030,2180000.000,2.0925,5.1028,5.467056e-03
23 May 2023 02:08:13.000,9.509,2.249951,-145.924,-117.425019,9.772117,92.446902,2180000.000,-0.9377,2.0726,3.629971e-02
23 May 2023 02:08:43.000,9.509,2.249949,-148.344,-119.844692,9.772107,90.027219,2180000.000,-3.3573,-0.3470,8.710144e-02
23 May 2023 02:09:13.000,9.509,2.249947,-150.292,-121.792938,9.772103,88.078968,2180000.000,-5.3056,-2.2953,1.387836e-01
23 May 2023 02:09:43.000,9.509,2.249947,-151.905,-123.406013,9.772101,86.465891,2180000.000,-6.9187,-3.9084,1.835892e-01
23 May 2023 02:10:13.000,9.509,2.249947,-153.275,-124.775804,9.772100,85.096100,2180000.000,-8.2885,-5.2782,2.205889e-01
23 May 2023 02:10:43.000,9.509,2.249946,-154.462,-125.963024,9.772099,83.908879,2180000.000,-9.4757,-6.4654,2.508527e-01
23 May 2023 02:11:05.796,9.509,2.249946,-155.268,-126.768960,9.772099,83.102943,2180000.000,-10.2816,-7.2713,2.701768e-01
23 May 2023 14:57:25.969,9.509,2.250027,-155.261,-126.761361,9.772407,83.110850,2180000.000,-10.2737,-7.2634,2.699924e-01
23 May 2023 14:57:55.000,9.509,2.250022,-154.799,-126.299217,9.772387,83.572975,2180000.000,-9.8116,-6.8013,2.590347e-01
23 May 2023 14:58:25.000,9.509,2.250016,-154.409,-125.909443,9.772364,83.962725,2180000.000,-9.4218,-6.4115,2.495246e-01
23 May 2023 14:58:55.000,9.509,2.250009,-154.139,-125.639793,9.772338,84.232349,2180000.000,-9.1522,-6.1419,2.428078e-01
23 May 2023 14:59:25.000,9.509,2.250002,-154.015,-125.516015,9.772310,84.356099,2180000.000,-9.0285,-6.0182,2.396885e-01
23 May 2023 14:59:55.000,9.509,2.249995,-154.051,-125.551264,9.772282,84.320821,2180000.000,-9.0637,-6.0534,2.405800e-01
23 May 2023 15:00:25.000,9.509,2.249988,-154.241,-125.741861,9.772255,84.130198,2180000.000,-9.2544,-6.2441,2.453655e-01
23 May 2023 15:00:55.000,9.509,2.249981,-154.568,-126.068514,9.772230,83.803519,2180000.000,-9.5810,-6.5707,2.534383e-01
23 May 2023 15:01:25.000,9.509,2.249976,-155.002,-126.502243,9.772208,83.369769,2180000.000,-10.0148,-7.0045,2.638963e-01
23 May 2023 15:01:44.041,9.509,2.249972,-155.318,-126.818657,9.772197,83.053344,2180000.000,-10.3312,-7.3209,2.713312e-01
23 May 2023 16:28:30.765,9.509,2.250053,-155.281,-126.781355,9.772510,83.090958,2180000.000,-10.2936,-7.2833,2.704561e-01
23 May 2023 16:29:00.000,9.509,2.250053,-154.254,-125.754604,9.772508,84.117708,2180000.000,-9.2669,-6.2566,2.456771e-01
23 May 2023 16:29:30.000,9.509,2.250052,-153.066,-124.566211,9.772507,85.306099,2180000.000,-8.0785,-5.0682,2.150402e-01
23 May 2023 16:30:00.000,9.509,2.250051,-151.706,-123.206980,9.772504,86.665327,2180000.000,-6.7192,-3.7089,1.780776e-01
23 May 2023 16:30:30.000,9.509,2.250050,-150.131,-121.632002,9.772498,88.240300,2180000.000,-5.1443,-2.1340,1.343293e-01
23 May 2023 16:31:00.000,9.509,2.250047,-148.289,-119.789970,9.772488,90.082321,2180000.000,-3.3022,-0.2919,8.573902e-02
23 May 2023 16:31:30.000,9.509,2.250042,-146.157,-117.657969,9.772466,92.214300,2180000.000,-1.1703,1.8400,4.024061e-02
23 May 2023 16:32:00.000,9.509,2.250030,-143.911,-115.411585,9.772420,94.460639,2180000.000,1.0761,4.0864,1.179391e-02
23 May 2023 16:32:30.000,9.509,2.250007,-142.417,-113.918050,9.772330,95.954084,2180000.000,2.5695,5.5798,3.588964e-03
23 May 2023 16:33:00.000,9.509,2.249980,-142.967,-114.467572,9.772225,95.404457,2180000.000,2.0199,5.0302,5.807608e-03
23 May 2023 16:33:30.000,9.509,2.249963,-145.006,-116.506317,9.772161,93.365648,2180000.000,-0.0189,2.9914,2.298607e-02
23 May 2023 16:34:00.000,9.509,2.249955,-147.244,-118.745061,9.772131,91.126874,2180000.000,-2.2577,0.7526,6.151046e-02
23 May 2023 16:34:30.000,9.509,2.249951,-149.235,-120.735300,9.772118,89.136622,2180000.000,-4.2479,-1.2376,1.100237e-01
23 May 2023 16:35:00.000,9.509,2.249949,-150.937,-122.438152,9.772111,87.433762,2180000.000,-5.9508,-2.9405,1.567109e-01
23 May 2023 16:35:30.000,9.509,2.249948,-152.399,-123.899282,9.772107,85.972628,2180000.000,-7.4119,-4.4016,1.971105e-01
23 May 2023 16:36:00.000,9.509,2.249948,-153.668,-125.168206,9.772104,84.703702,2180000.000,-8.6809,-5.6706,2.308091e-01
23 May 2023 16:36:30.000,9.509,2.249947,-154.784,-126.284621,9.772103,83.587285,2180000.000,-9.7973,-6.7870,2.586898e-01
23 May 2023 16:36:47.535,9.509,2.249947,-155.378,-126.878860,9.772102,82.993047,2180000.000,-10.3915,-7.3812,2.727289e-01
24 May 2023 00:25:02.239,9.509,2.250039,-155.389,-126.889557,9.772454,82.982701,2180000.000,-10.4019,-7.3916,2.729681e-01
24 May 2023 00:25:32.000,9.509,2.250036,-154.667,-126.167274,9.772442,83.704972,2180000.000,-9.6796,-6.6693,2.558409e-01
24 May 2023 00:26:02.000,9.509,2.250032,-153.953,-125.453588,9.772425,84.418641,2180000.000,-8.9659,-5.9556,2.381035e-01
24 May 2023 00:26:32.000,9.509,2.250026,-153.288,-124.789114,9.772404,85.083094,2180000.000,-8.3015,-5.2912,2.209308e-01
24 May 2023 00:27:02.000,9.509,2.250020,-152.722,-124.222562,9.772378,85.649620,2180000.000,-7.7349,-4.7246,2.058557e-01
24 May 2023 00:27:32.000,9.509,2.250012,-152.312,-123.812326,9.772348,86.059825,2180000.000,-7.3247,-4.3144,1.947337e-01
24 May 2023 00:28:02.000,9.509,2.250003,-152.112,-123.613116,9.772313,86.259001,2180000.000,-7.1256,-4.1153,1.892819e-01
24 May 2023 00:28:32.000,9.509,2.249994,-152.155,-123.656034,9.772279,86.216049,2180000.000,-7.1685,-4.1582,1.904601e-01
24 May 2023 00:29:02.000,9.509,2.249985,-152.434,-123.934302,9.772246,85.937747,2180000.000,-7.4468,-4.4365,1.980595e-01
24 May 2023 00:29:32.000,9.509,2.249978,-152.906,-124.406550,9.772217,85.465471,2180000.000,-7.9191,-4.9088,2.107951e-01
24 May 2023 00:30:02.000,9.509,2.249972,-153.514,-125.014731,9.772194,84.857267,2180000.000,-8.5273,-5.5170,2.268333e-01
24 May 2023 00:30:32.000,9.509,2.249967,-154.202,-125.702749,9.772175,84.169230,2180000.000,-9.2153,-6.2050,2.443900e-01
24 May 2023 00:31:02.000,9.509,2.249963,-154.926,-126.426536,9.772160,83.445429,2180000.000,-9.9391,-6.9288,2.620941e-01
24 May 2023 00:31:18.279,9.509,2.249961,-155.322,-126.823019,9.772154,83.048938,2180000.000,-10.3356,-7.3253,2.714335e-01
24 May 2023 01:57:35.120,9.509,2.250052,-155.361,-126.861593,9.772505,83.010716,2180000.000,-10.3738,-7.3635,2.723199e-01
24 May 2023 01:58:05.000,9.509,2.250051,-154.348,-125.848502,9.772503,84.023804,2180000.000,-9.3608,-6.3505,2.480127e-01
24 May 2023 01:58:35.000,9.509,2.250050,-153.214,-124.715054,9.772499,85.157249,2180000.000,-8.2273,-5.2170,2.189787e-01
24 May 2023 01:59:05.000,9.509,2.250049,-151.944,-123.445045,9.772493,86.427252,2180000.000,-6.9573,-3.9470,1.846545e-01
24 May 2023 01:59:35.000,9.509,2.250046,-150.521,-122.021546,9.772483,87.850742,2180000.000,-5.5338,-2.5235,1.451093e-01
24 May 2023 02:00:05.000,9.509,2.250042,-148.948,-120.448363,9.772465,89.423906,2180000.000,-3.9607,-0.9504,1.024627e-01
24 May 2023 02:00:35.000,9.509,2.250034,-147.302,-118.802698,9.772436,91.069542,2180000.000,-2.3150,0.6953,6.275249e-02
24 May 2023 02:01:05.000,9.509,2.250021,-145.856,-117.356243,9.772384,92.515945,2180000.000,-0.8686,2.1417,3.517361e-02
24 May 2023 02:01:35.000,9.509,2.250002,-145.164,-116.664529,9.772310,93.207584,2180000.000,-0.1770,2.8333,2.501771e-02
24 May 2023 02:02:05.000,9.509,2.249982,-145.649,-117.150128,9.772233,92.721910,2180000.000,-0.6627,2.3476,3.193450e-02
24 May 2023 02:02:35.000,9.509,2.249968,-147.003,-118.504021,9.772179,91.367962,2180000.000,-2.0166,0.9937,5.641247e-02
24 May 2023 02:03:05.000,9.509,2.249959,-148.641,-120.141212,9.772147,89.730739,2180000.000,-3.6538,-0.6435,9.455380e-02
24 May 2023 02:03:35.000,9.509,2.249955,-150.236,-121.737007,9.772129,88.134926,2180000.000,-5.2496,-2.2393,1.372367e-01
24 May 2023 02:04:05.000,9.509,2.249952,-151.689,-123.189399,9.772120,86.682525,2180000.000,-6.7020,-3.6917,1.776014e-01
24 May 2023 02:04:35.000,9.509,2.249950,-152.986,-124.486534,9.772114,85.385383,2180000.000,-7.9992,-4.9889,2.129319e-01
24 May 2023 02:05:05.000,9.509,2.249949,-154.143,-125.643439,9.772110,84.228475,2180000.000,-9.1561,-6.1458,2.429051e-01
24 May 2023 02:05:35.000,9.509,2.249949,-155.180,-126.680184,9.772107,83.191727,2180000.000,-10.1928,-7.1825,2.681002e-01
24 May 2023 02:05:37.462,9.509,2.249948,-155.260,-126.760527,9.772107,83.111384,2180000.000,-10.2732,-7.2629,2.699800e-01
24 May 2023 14:50:56.568,9.509,2.250042,-155.255,-126.755491,9.772465,83.116777,2180000.000,-10.2678,-7.2575,2.698541e-01
24 May 2023 14:51:26.000,9.509,2.250039,-154.471,-125.971420,9.772454,83.900838,2180000.000,-9.4837,-6.4734,2.510506e-01
24 May 2023 14:51:56.000,9.509,2.250035,-153.667,-125.168113,9.772438,84.704129,2180000.000,-8.6804,-5.6701,2.307981e-01
24 May 2023 14:52:26.000,9.509,2.250030,-152.894,-124.394986,9.772418,85.477236,2180000.000,-7.9073,-4.8970,2.104806e-01
24 May 2023 14:52:56.000,9.509,2.250023,-152.205,-123.706116,9.772392,86.166080,2180000.000,-7.2185,-4.2082,1.918291e-01
24 May 2023 14:53:26.000,9.509,2.250015,-151.674,-123.174504,9.772360,86.697660,2180000.000,-6.6869,-3.6766,1.771821e-01
24 May 2023 14:53:56.000,9.509,2.250005,-151.377,-122.878092,9.772323,86.994035,2180000.000,-6.3905,-3.3802,1.689546e-01
24 May 2023 14:54:26.000,9.509,2.249995,-151.370,-122.870532,9.772283,87.001555,2180000.000,-6.3830,-3.3727,1.687455e-01
24 May 2023 14:54:56.000,9.509,2.249986,-151.653,-123.153442,9.772247,86.718609,2180000.000,-6.6660,-3.6557,1.766017e-01
24 May 2023 14:55:26.000,9.509,2.249977,-152.175,-123.675472,9.772215,86.196546,2180000.000,-7.1880,-4.1777,1.909947e-01
24 May 2023 14:55:56.000,9.509,2.249970,-152.858,-124.359162,9.772189,85.512831,2180000.000,-7.8717,-4.8614,2.095282e-01
24 May 2023 14:56:26.000,9.509,2.249965,-153.630,-125.130714,9.772169,84.741259,2180000.000,-8.6433,-5.6330,2.298397e-01
24 May 2023 14:56:56.000,9.509,2.249961,-154.434,-125.934897,9.772154,83.937061,2180000.000,-9.4475,-6.4372,2.501582e-01
24 May 2023 14:57:26.000,9.509,2.249958,-155.236,-126.736256,9.772143,83.135691,2180000.000,-10.2489,-7.2386,2.694124e-01
24 May 2023 14:57:29.977,9.509,2.249958,-155.340,-126.841049,9.772142,83.030897,2180000.000,-10.3537,-7.3434,2.718522e-01
24 May 2023 16:23:30.944,9.509,2.250049,-155.295,-126.795938,9.772496,83.076362,2180000.000,-10.3082,-7.2979,2.707960e-01
24 May 2023 16:24:00.000,9.509,2.250048,-154.356,-125.856502,9.772492,84.015794,2180000.000,-9.3688,-6.3585,2.482113e-01
24 May 2023 16:24:30.000,9.509,2.250047,-153.299,-124.799349,9.772485,85.072940,2180000.000,-8.3116,-5.3013,2.211976e-01
24 May 2023 16:25:00.000,9.509,2.250044,-152.151,-123.651926,9.772474,86.220353,2180000.000,-7.1642,-4.1539,1.903421e-01
24 May 2023 16:25:30.000,9.509,2.250040,-150.928,-122.428359,9.772459,87.443904,2180000.000,-5.9407,-2.9304,1.564284e-01
24 May 2023 16:26:00.000,9.509,2.250034,-149.680,-121.180575,9.772435,88.691664,2180000.000,-4.6929,-1.6826,1.219775e-01
24 May 2023 16:26:30.000,9.509,2.250025,-148.536,-120.036424,9.772399,89.835779,2180000.000,-3.5488,-0.5385,9.189082e-02
24 May 2023 16:27:00.000,9.509,2.250012,-147.730,-119.230447,9.772349,90.641706,2180000.000,-2.7429,0.2674,7.236037e-02
24 May 2023 16:27:30.000,9.509,2.249997,-147.531,-119.031370,9.772289,90.840723,2180000.000,-2.5438,0.4665,6.781847e-02
24 May 2023 16:28:00.000,9.509,2.249982,-148.022,-119.522194,9.772233,90.349843,2180000.000,-3.0347,-0.0244,7.923401e-02
24 May 2023 16:28:30.000,9.509,2.249971,-149.009,-120.510129,9.772190,89.361864,2180000.000,-4.0227,-1.0124,1.040836e-01
24 May 2023 16:29:00.000,9.509,2.249963,-150.220,-121.720862,9.772161,88.151103,2180000.000,-5.2335,-2.2232,1.367899e-01
24 May 2023 16:29:30.000,9.509,2.249958,-151.466,-122.966923,9.772142,86.905024,2180000.000,-6.4795,-3.4692,1.714288e-01
24 May 2023 16:30:00.000,9.509,2.249955,-152.659,-124.159240,9.772130,85.712694,2180000.000,-7.6719,-4.6616,2.041558e-01
24 May 2023 16:30:30.000,9.509,2.249953,-153.766,-125.266215,9.772122,84.605711,2180000.000,-8.7789,-5.7686,2.333294e-01
24 May 2023 16:31:00.000,9.509,2.249951,-154.782,-126.282527,9.772118,83.589394,2180000.000,-9.7952,-6.7849,2.586389e-01
24 May 2023 16:31:19.094,9.509,2.249951,-155.384,-126.884292,9.772116,82.987628,2180000.000,-10.3969,-7.3866,2.728542e-01
25 May 2023 00:19:17.684,9.509,2.250047,-155.386,-126.886585,9.772485,82.985703,2180000.000,-10.3989,-7.3886,2.728987e-01
25 May 2023 00:19:47.000,9.509,2.250045,-154.507,-126.008093,9.772478,83.864189,2180000.000,-9.5204,-6.5101,2.519515e-01
25 May 2023 00:20:17.000,9.509,2.250043,-153.552,-125.052767,9.772468,84.819505,2180000.000,-8.5651,-5.5548,2.278139e-01
25 May 2023 00:20:47.000,9.509,2.250039,-152.553,-124.053919,9.772455,85.818339,2180000.000,-7.5662,-4.5559,2.012999e-01
25 May 2023 00:21:17.000,9.509,2.250034,-151.545,-123.045571,9.772436,86.826668,2180000.000,-6.5579,-3.5476,1.736047e-01
25 May 2023 00:21:47.000,9.509,2.250027,-150.596,-122.097097,9.772408,87.775115,2180000.000,-5.6094,-2.5991,1.472102e-01
25 May 2023 00:22:17.000,9.509,2.250018,-149.825,-121.325914,9.772371,88.546261,2180000.000,-4.8383,-1.8280,1.259357e-01
25 May 2023 00:22:47.000,9.509,2.250006,-149.383,-120.883514,9.772326,88.988616,2180000.000,-4.3959,-1.3856,1.139702e-01
25 May 2023 00:23:17.000,9.509,2.249994,-149.387,-120.887242,9.772277,88.984839,2180000.000,-4.3997,-1.3894,1.140713e-01
25 May 2023 00:23:47.000,9.509,2.249982,-149.836,-121.336229,9.772233,88.535807,2180000.000,-4.8488,-1.8385,1.262211e-01
25 May 2023 00:24:17.000,9.509,2.249973,-150.611,-122.112106,9.772197,87.759895,2180000.000,-5.6247,-2.6144,1.476333e-01
25 May 2023 00:24:47.000,9.509,2.249966,-151.563,-123.063503,9.772171,86.808471,2180000.000,-6.5761,-3.5658,1.741097e-01
25 May 2023 00:25:17.000,9.509,2.249961,-152.573,-124.073615,9.772152,85.798341,2180000.000,-7.5862,-4.5759,2.018414e-01
25 May 2023 00:25:47.000,9.509,2.249957,-153.573,-125.073612,9.772139,84.798331,2180000.000,-8.5862,-5.5759,2.283629e-01
25 May 2023 00:26:17.000,9.509,2.249955,-154.529,-126.029814,9.772130,83.842121,2180000.000,-9.5424,-6.5321,2.524930e-01
25 May 2023 00:26:42.713,9.509,2.249953,-155.303,-126.804104,9.772126,83.067825,2180000.000,-10.3167,-7.3064,2.709945e-01
25 May 2023 01:52:39.864,9.509,2.250046,-155.348,-126.848983,9.772485,83.023305,2180000.000,-10.3613,-7.3510,2.720282e-01
25 May 2023 01:53:09.000,9.509,2.250044,-154.480,-125.980284,9.772476,83.891996,2180000.000,-9.4926,-6.4823,2.512682e-01
25 May 2023 01:53:39.000,9.509,2.250042,-153.536,-125.036745,9.772466,84.835525,2180000.000,-8.5490,-5.5387,2.273981e-01
25 May 2023 01:54:09.000,9.509,2.250038,-152.561,-124.061440,9.772451,85.810815,2180000.000,-7.5738,-4.5635,2.015037e-01
25 May 2023 01:54:39.000,9.509,2.250033,-151.594,-123.094831,9.772429,86.777403,2180000.000,-6.6072,-3.5969,1.749717e-01
25 May 2023 01:55:09.000,9.509,2.250025,-150.712,-122.213053,9.772400,87.659151,2180000.000,-5.7254,-2.7151,1.504352e-01
25 May 2023 01:55:39.000,9.509,2.250015,-150.034,-121.534712,9.772362,88.337454,2180000.000,-5.0471,-2.0368,1.316556e-01
25 May 2023 01:56:09.000,9.509,2.250004,-149.697,-121.197190,9.772316,88.674930,2180000.000,-4.7096,-1.6993,1.224319e-01
25 May 2023 01:56:39.000,9.509,2.249991,-149.787,-121.288018,9.772269,88.584055,2180000.000,-4.8005,-1.7902,1.249047e-01
25 May 2023 01:57:09.000,9.509,2.249980,-150.281,-121.782037,9.772227,88.089994,2180000.000,-5.2946,-2.2843,1.384787e-01
25 May 2023 01:57:39.000,9.509,2.249972,-151.060,-122.560843,9.772193,87.311154,2180000.000,-6.0734,-3.0631,1.601264e-01
25 May 2023 01:58:09.000,9.509,2.249965,-151.988,-123.488915,9.772168,86.383057,2180000.000,-7.0015,-3.9912,1.858718e-01
25 May 2023 01:58:39.000,9.509,2.249960,-152.964,-124.464915,9.772151,85.407039,2180000.000,-7.9775,-4.9672,2.123548e-01
25 May 2023 01:59:09.000,9.509,2.249957,-153.929,-125.429180,9.772139,84.442762,2180000.000,-8.9418,-5.9315,2.374907e-01
25 May 2023 01:59:39.000,9.509,2.249955,-154.851,-126.352097,9.772130,83.519836,2180000.000,-9.8647,-6.8544,2.603125e-01
25 May 2023 01:59:52.688,9.509,2.249954,-155.255,-126.755779,9.772127,83.116151,2180000.000,-10.2684,-7.2581,2.698687e-01
25 May 2023 14:45:01.501,9.509,2.250049,-155.257,-126.757738,9.772496,83.114562,2180000.000,-10.2700,-7.2597,2.699058e-01
25 May 2023 14:45:31.000,9.509,2.250048,-154.299,-125.799317,9.772492,84.072978,2180000.000,-9.3116,-6.3013,2.467913e-01
25 May 2023 14:46:01.000,9.509,2.250046,-153.237,-124.737332,9.772483,85.134955,2180000.000,-8.2496,-5.2393,2.195663e-01
25 May 2023 14:46:31.000,9.509,2.250044,-152.087,-123.587190,9.772473,86.285087,2180000.000,-7.0995,-4.0892,1.885657e-01
25 May 2023 14:47:01.000,9.509,2.250040,-150.866,-122.366450,9.772456,87.505811,2180000.000,-5.8788,-2.8685,1.547041e-01
25 May 2023 14:47:31.000,9.509,2.250033,-149.633,-121.133714,9.772431,88.738521,2180000.000,-4.6460,-1.6357,1.207068e-01
25 May 2023 14:48:01.000,9.509,2.250024,-148.526,-120.026976,9.772394,89.845221,2180000.000,-3.5393,-0.5290,9.165262e-02
25 May 2023 14:48:31.000,9.509,2.250010,-147.786,-119.287160,9.772342,90.584986,2180000.000,-2.7996,0.2107,7.367688e-02
25 May 2023 14:49:01.000,9.509,2.249995,-147.668,-119.168172,9.772282,90.703914,2180000.000,-2.6807,0.3296,7.092757e-02
25 May 2023 14:49:31.000,9.509,2.249980,-148.219,-119.719662,9.772227,90.152369,2180000.000,-3.2322,-0.2219,8.401791e-02
25 May 2023 14:50:01.000,9.509,2.249970,-149.233,-120.733258,9.772186,89.138732,2180000.000,-4.2458,-1.2355,1.099677e-01
25 May 2023 14:50:31.000,9.509,2.249962,-150.444,-121.944492,9.772158,87.927470,2180000.000,-5.4571,-2.4468,1.429799e-01
25 May 2023 14:51:01.000,9.509,2.249957,-151.679,-123.179790,9.772140,86.692154,2180000.000,-6.6924,-3.6821,1.773346e-01
25 May 2023 14:51:31.000,9.509,2.249954,-152.858,-124.358231,9.772129,85.513702,2180000.000,-7.8709,-4.8606,2.095049e-01
25 May 2023 14:52:01.000,9.509,2.249952,-153.951,-125.451670,9.772122,84.420255,2180000.000,-8.9643,-5.9540,2.380626e-01
25 May 2023 14:52:31.000,9.509,2.249951,-154.955,-126.455932,9.772116,83.415988,2180000.000,-9.9686,-6.9583,2.627965e-01
25 May 2023 14:52:43.714,9.509,2.249950,-155.355,-126.855771,9.772115,83.016147,2180000.000,-10.3684,-7.3581,2.721941e-01
25 May 2023 16:18:46.400,9.509,2.250043,-155.313,-126.813385,9.772471,83.058890,2180000.000,-10.3257,-7.3154,2.712023e-01
25 May 2023 16:19:16.000,9.509,2.250041,-154.498,-125.998345,9.772461,83.873920,2180000.000,-9.5106,-6.5003,2.517126e-01
25 May 2023 16:19:46.000,9.509,2.250037,-153.652,-125.152969,9.772448,84.719283,2180000.000,-8.6653,-5.6550,2.304072e-01
25 May 2023 16:20:16.000,9.509,2.250033,-152.816,-124.316907,9.772429,85.555327,2180000.000,-7.8292,-4.8189,2.083893e-01
25 May 2023 16:20:46.000,9.509,2.250026,-152.039,-123.539711,9.772405,86.332499,2180000.000,-7.0521,-4.0418,1.872628e-01
25 May 2023 16:21:16.000,9.509,2.250019,-151.395,-122.895490,9.772374,86.976688,2180000.000,-6.4079,-3.3976,1.694370e-01
25 May 2023 16:21:46.000,9.509,2.250009,-150.974,-122.474603,9.772337,87.397538,2180000.000,-5.9870,-2.9767,1.577200e-01
25 May 2023 16:22:16.000,9.509,2.249999,-150.854,-122.354467,9.772297,87.517634,2180000.000,-5.8669,-2.8566,1.543748e-01
25 May 2023 16:22:46.000,9.509,2.249988,-151.060,-122.560176,9.772257,87.311885,2180000.000,-6.0727,-3.0624,1.601061e-01
25 May 2023 16:23:16.000,9.509,2.249979,-151.549,-123.049168,9.772222,86.822858,2180000.000,-6.5617,-3.5514,1.737105e-01
25 May 2023 16:23:46.000,9.509,2.249972,-152.236,-123.736511,9.772194,86.135487,2180000.000,-7.2491,-4.2388,1.926663e-01
25 May 2023 16:24:16.000,9.509,2.249966,-153.034,-124.534316,9.772173,85.337661,2180000.000,-8.0469,-5.0366,2.142018e-01
25 May 2023 16:24:46.000,9.509,2.249962,-153.874,-125.375073,9.772157,84.496887,2180000.000,-8.8877,-5.8774,2.361127e-01
25 May 2023 16:25:16.000,9.509,2.249959,-154.715,-126.215509,9.772145,83.656440,2180000.000,-9.7281,-6.7178,2.570184e-01
25 May 2023 16:25:40.651,9.509,2.249957,-155.388,-126.888270,9.772138,82.983672,2180000.000,-10.4009,-7.3906,2.729457e-01
26 May 2023 00:13:44.547,9.509,2.250051,-155.381,-126.881877,9.772504,82.990431,2180000.000,-10.3941,-7.3838,2.727894e-01
26 May 2023 00:14:14.000,9.509,2.250051,-154.392,-125.892229,9.772502,83.980076,2180000.000,-9.4045,-6.3942,2.490957e-01
26 May 2023 00:14:44.000,9.509,2.250050,-153.270,-124.770727,9.772498,85.101575,2180000.000,-8.2830,-5.2727,2.204450e-01
26 May 2023 00:15:14.000,9.509,2.250048,-152.015,-123.515208,9.772492,86.357088,2180000.000,-7.0275,-4.0172,1.865865e-01
26 May 2023 00:15:44.000,9.509,2.250046,-150.608,-122.108877,9.772482,87.763409,2180000.000,-5.6212,-2.6109,1.475356e-01
26 May 2023 00:16:14.000,9.509,2.250042,-149.053,-120.554092,9.772465,89.318177,2180000.000,-4.0664,-1.0561,1.052291e-01
26 May 2023 00:16:44.000,9.509,2.250035,-147.420,-118.921143,9.772437,90.951098,2180000.000,-2.4335,0.5768,6.535338e-02
26 May 2023 00:17:14.000,9.509,2.250022,-145.961,-117.462021,9.772387,92.410171,2180000.000,-0.9744,2.0359,3.690701e-02
26 May 2023 00:17:44.000,9.509,2.250003,-145.207,-116.708129,9.772315,93.163990,2180000.000,-0.2206,2.7897,2.559698e-02
26 May 2023 00:18:14.000,9.509,2.249983,-145.606,-117.106961,9.772239,92.765082,2180000.000,-0.6195,2.3908,3.127853e-02
26 May 2023 00:18:44.000,9.509,2.249969,-146.905,-118.405203,9.772183,91.466784,2180000.000,-1.9178,1.0925,5.438284e-02
26 May 2023 00:19:14.000,9.509,2.249960,-148.523,-120.023326,9.772150,89.848628,2180000.000,-3.5359,-0.5256,9.156673e-02
26 May 2023 00:19:44.000,9.509,2.249955,-150.118,-121.618328,9.772131,88.253607,2180000.000,-5.1310,-2.1207,1.339627e-01
26 May 2023 00:20:14.000,9.509,2.249952,-151.576,-123.076465,9.772121,86.795460,2180000.000,-6.5891,-3.5788,1.744707e-01
26 May 2023 00:20:44.000,9.509,2.249950,-152.880,-124.381035,9.772115,85.490884,2180000.000,-7.8937,-4.8834,2.101156e-01
26 May 2023 00:21:14.000,9.509,2.249949,-154.045,-125.545333,9.772110,84.326582,2180000.000,-9.0580,-6.0477,2.404346e-01
26 May 2023 00:21:44.000,9.509,2.249949,-155.088,-126.588888,9.772108,83.283023,2180000.000,-10.1015,-7.0912,2.659511e-01
26 May 2023 00:21:50.101,9.509,2.249949,-155.287,-126.788040,9.772107,83.083871,2180000.000,-10.3007,-7.2904,2.706212e-01
26 May 2023 01:48:06.234,9.509,2.250036,-155.331,-126.831341,9.772443,83.040906,2180000.000,-10.3437,-7.3334,2.716200e-01
26 May 2023 01:48:36.000,9.509,2.250032,-154.669,-126.169768,9.772428,83.702463,2180000.000,-9.6821,-6.6718,2.559018e-01
26 May 2023 01:49:06.000,9.509,2.250027,-154.043,-125.544138,9.772408,84.328074,2180000.000,-9.0565,-6.0462,2.403969e-01
26 May 2023 01:49:36.000,9.509,2.250021,-153.498,-124.998517,9.772385,84.873672,2180000.000,-8.5109,-5.5006,2.264068e-01
26 May 2023 01:50:06.000,9.509,2.250014,-153.079,-124.579785,9.772356,85.292375,2180000.000,-8.0922,-5.0819,2.154044e-01
26 May 2023 01:50:36.000,9.509,2.250006,-152.834,-124.334416,9.772325,85.537713,2180000.000,-7.8469,-4.8366,2.088616e-01
26 May 2023 01:51:06.000,9.509,2.249997,-152.794,-124.294656,9.772292,85.577440,2180000.000,-7.8071,-4.7968,2.077960e-01
26 May 2023 01:51:36.000,9.509,2.249989,-152.965,-124.466008,9.772260,85.406055,2180000.000,-7.9785,-4.9682,2.123811e-01
26 May 2023 01:52:06.000,9.509,2.249981,-153.324,-124.824867,9.772231,85.047168,2180000.000,-8.3374,-5.3271,2.218742e-01
26 May 2023 01:52:36.000,9.509,2.249975,-153.828,-125.328195,9.772206,84.543815,2180000.000,-8.8408,-5.8305,2.349145e-01
26 May 2023 01:53:06.000,9.509,2.249970,-154.427,-125.927927,9.772186,83.944063,2180000.000,-9.4405,-6.4302,2.499854e-01
26 May 2023 01:53:36.000,9.509,2.249965,-155.081,-126.581774,9.772170,83.290200,2180000.000,-10.0944,-7.0841,2.657816e-01
26 May 2023 01:53:43.816,9.509,2.249964,-155.256,-126.756789,9.772166,83.115181,2180000.000,-10.2694,-7.2591,2.698914e-01
26 May 2023 14:39:25.549,9.509,2.250053,-155.264,-126.764436,9.772510,83.107878,2180000.000,-10.2767,-7.2664,2.700617e-01
26 May 2023 14:39:55.000,9.509,2.250053,-154.223,-125.723479,9.772509,84.148834,2180000.000,-9.2357,-6.2254,2.449000e-01
26 May 2023 14:40:25.000,9.509,2.250052,-153.024,-124.525016,9.772508,85.347296,2180000.000,-8.0373,-5.0270,2.139456e-01
26 May 2023 14:40:55.000,9.509,2.250052,-151.650,-123.151068,9.772505,86.721241,2180000.000,-6.6633,-3.6530,1.765288e-01
26 May 2023 14:41:25.000,9.509,2.250050,-150.053,-121.553521,9.772499,88.318783,2180000.000,-5.0658,-2.0555,1.321689e-01
26 May 2023 14:41:55.000,9.509,2.250048,-148.174,-119.674979,9.772488,90.197313,2180000.000,-3.1873,-0.1770,8.292016e-02
26 May 2023 14:42:25.000,9.509,2.250042,-145.981,-117.481807,9.772468,92.390464,2180000.000,-0.9941,2.0162,3.723516e-02
26 May 2023 14:42:55.000,9.509,2.250031,-143.642,-115.142465,9.772421,94.729760,2180000.000,1.3452,4.3555,9.771311e-03
26 May 2023 14:43:25.000,9.509,2.250007,-142.088,-113.589139,9.772328,96.282994,2180000.000,2.8984,5.9087,2.617294e-03
26 May 2023 14:43:55.000,9.509,2.249979,-142.737,-114.237915,9.772220,95.634109,2180000.000,2.2495,5.2598,4.781574e-03
26 May 2023 14:44:25.000,9.509,2.249962,-144.906,-116.406733,9.772157,93.465228,2180000.000,0.0807,3.0910,2.176129e-02
26 May 2023 14:44:55.000,9.509,2.249954,-147.215,-118.715168,9.772128,91.156765,2180000.000,-2.2278,0.7825,6.086737e-02
26 May 2023 14:45:25.000,9.509,2.249951,-149.237,-120.737624,9.772116,89.134296,2180000.000,-4.2503,-1.2400,1.100855e-01
26 May 2023 14:45:55.000,9.509,2.249949,-150.955,-122.455974,9.772109,87.415939,2180000.000,-5.9686,-2.9583,1.572074e-01
26 May 2023 14:46:25.000,9.509,2.249948,-152.424,-123.925071,9.772105,85.946838,2180000.000,-7.4377,-4.4274,1.978123e-01
26 May 2023 14:46:55.000,9.509,2.249947,-153.698,-125.198342,9.772103,84.673565,2180000.000,-8.7110,-5.7007,2.315856e-01
26 May 2023 14:47:25.000,9.509,2.249947,-154.817,-126.317243,9.772102,83.554663,2180000.000,-9.8299,-6.8196,2.594755e-01
26 May 2023 14:47:41.145,9.509,2.249947,-155.366,-126.866655,9.772101,83.005250,2180000.000,-10.3793,-7.3690,2.724465e-01
26 May 2023 16:14:22.055,9.509,2.250033,-155.334,-126.834176,9.772433,83.038060,2180000.000,-10.3465,-7.3362,2.716860e-01
26 May 2023 16:14:52.000,9.509,2.250029,-154.725,-126.225881,9.772416,83.646340,2180000.000,-9.7382,-6.7279,2.572630e-01
26 May 2023 16:15:22.000,9.509,2.250024,-154.170,-125.670853,9.772396,84.201347,2180000.000,-9.1832,-6.1729,2.435857e-01
26 May 2023 16:15:52.000,9.509,2.250018,-153.706,-125.206843,9.772372,84.665332,2180000.000,-8.7192,-5.7089,2.317975e-01
26 May 2023 16:16:22.000,9.509,2.250011,-153.374,-124.874254,9.772344,84.997894,2180000.000,-8.3867,-5.3764,2.231653e-01
26 May 2023 16:16:52.000,9.509,2.250003,-153.208,-124.708758,9.772314,85.163360,2180000.000,-8.2212,-5.2109,2.188175e-01
26 May 2023 16:17:22.000,9.509,2.249995,-153.230,-124.730454,9.772283,85.141634,2180000.000,-8.2429,-5.2326,2.193903e-01
26 May 2023 16:17:52.000,9.509,2.249988,-153.436,-124.936454,9.772254,84.935604,2180000.000,-8.4490,-5.4387,2.247932e-01
26 May 2023 16:18:22.000,9.509,2.249981,-153.801,-125.302011,9.772228,84.570020,2180000.000,-8.8145,-5.8042,2.342441e-01
26 May 2023 16:18:52.000,9.509,2.249975,-154.289,-125.789341,9.772205,84.082669,2180000.000,-9.3019,-6.2916,2.465502e-01
26 May 2023 16:19:22.000,9.509,2.249970,-154.858,-126.358339,9.772187,83.513652,2180000.000,-9.8709,-6.8606,2.604609e-01
26 May 2023 16:19:47.980,9.509,2.249966,-155.389,-126.889921,9.772174,82.982057,2180000.000,-10.4025,-7.3922,2.729830e-01
26 May 2023 22:37:34.035,9.509,2.250015,-155.386,-126.886270,9.772360,82.985894,2180000.000,-10.3987,-7.3884,2.728943e-01
26 May 2023 22:38:04.000,9.509,2.250009,-155.155,-126.655932,9.772338,83.216210,2180000.000,-10.1684,-7.1581,2.675252e-01
26 May 2023 22:38:34.000,9.509,2.250003,-155.036,-126.536413,9.772314,83.335705,2180000.000,-10.0489,-7.0386,2.647047e-01
26 May 2023 22:39:04.000,9.509,2.249997,-155.037,-126.537809,9.772290,83.334285,2180000.000,-10.0503,-7.0400,2.647384e-01
26 May 2023 22:39:34.000,9.509,2.249991,-155.159,-126.660105,9.772266,83.211965,2180000.000,-10.1726,-7.1623,2.676250e-01
26 May 2023 22:40:00.673,9.509,2.249985,-155.362,-126.862636,9.772246,83.009413,2180000.000,-10.3752,-7.3649,2.723501e-01
27 May 2023 00:08:20.734,9.509,2.250053,-155.375,-126.875490,9.772512,82.996827,2180000.000,-10.3877,-7.3774,2.726415e-01
27 May 2023 00:08:50.000,9.509,2.250053,-154.342,-125.842577,9.772512,84.029739,2180000.000,-9.3548,-6.3445,2.478655e-01
27 May 2023 00:09:20.000,9.509,2.250053,-153.140,-124.641052,9.772511,85.231263,2180000.000,-8.1533,-5.1430,2.170236e-01
27 May 2023 00:09:50.000,9.509,2.250053,-151.752,-123.252992,9.772510,86.619322,2180000.000,-6.7652,-3.7549,1.793508e-01
27 May 2023 00:10:20.000,9.509,2.250052,-150.116,-121.616227,9.772508,88.256085,2180000.000,-5.1285,-2.1182,1.338944e-01
27 May 2023 00:10:50.000,9.509,2.250051,-148.137,-119.637490,9.772503,90.234816,2180000.000,-3.1497,-0.1394,8.200813e-02
27 May 2023 00:11:20.000,9.509,2.250048,-145.682,-117.183157,9.772491,92.689138,2180000.000,-0.6954,2.3149,3.243777e-02
27 May 2023 00:11:50.000,9.509,2.250040,-142.647,-114.148089,9.772460,95.724175,2180000.000,2.3396,5.3499,4.419148e-03
27 May 2023 00:12:20.000,9.509,2.250018,-139.692,-111.193133,9.772371,98.679041,2180000.000,5.2945,8.3048,1.169817e-04
27 May 2023 00:12:50.000,9.509,2.249979,-139.901,-111.401721,9.772222,98.470305,2180000.000,5.0857,8.0960,1.641756e-04
27 May 2023 00:13:20.000,9.509,2.249958,-142.961,-114.461399,9.772144,95.410548,2180000.000,2.0260,5.0363,5.778429e-03
27 May 2023 00:13:50.000,9.509,2.249951,-145.944,-117.444753,9.772118,92.427169,2180000.000,-0.9574,2.0529,3.662526e-02
27 May 2023 00:14:20.000,9.509,2.249949,-148.347,-119.847376,9.772108,90.024536,2180000.000,-3.3600,-0.3497,8.716798e-02
27 May 2023 00:14:50.000,9.509,2.249948,-150.288,-121.788626,9.772103,88.083281,2180000.000,-5.3013,-2.2910,1.386643e-01
27 May 2023 00:15:20.000,9.509,2.249947,-151.898,-123.398567,9.772101,86.473338,2180000.000,-6.9112,-3.9009,1.833838e-01
27 May 2023 00:15:50.000,9.509,2.249947,-153.266,-124.766910,9.772100,85.104994,2180000.000,-8.2796,-5.2693,2.203550e-01
27 May 2023 00:16:20.000,9.509,2.249947,-154.453,-125.953494,9.772099,83.918409,2180000.000,-9.4662,-6.4559,2.506180e-01
27 May 2023 00:16:43.263,9.509,2.249946,-155.274,-126.774991,9.772099,83.096912,2180000.000,-10.2877,-7.2774,2.703174e-01
27 May 2023 01:44:43.126,9.509,2.250011,-155.296,-126.797137,9.772344,83.075012,2180000.000,-10.3096,-7.2993,2.708274e-01
27 May 2023 01:45:13.000,9.509,2.250005,-155.150,-126.650647,9.772320,83.221477,2180000.000,-10.1631,-7.1528,2.674014e-01
27 May 2023 01:45:43.000,9.509,2.249998,-155.123,-126.623649,9.772295,83.248450,2180000.000,-10.1361,-7.1258,2.667666e-01
27 May 2023 01:46:13.000,9.509,2.249992,-155.218,-126.719156,9.772271,83.152919,2180000.000,-10.2316,-7.2213,2.690095e-01
27 May 2023 01:46:22.618,9.509,2.249990,-155.274,-126.774659,9.772263,83.097409,2180000.000,-10.2872,-7.2769,2.703058e-01
